actual,predicted,prob_Dropout,prob_Enrolled,prob_Graduate
Graduate,Graduate,0.03348591022760937,0.07471743959370784,0.8917966501786829
Graduate,Graduate,0.043565164244014146,0.0752121297488112,0.8812227060071747
Enrolled,Dropout,0.8530162668221309,0.12973161922907434,0.01725211394879496
Graduate,Graduate,0.03177652293026266,0.07257630945156537,0.8956471676181719
Graduate,Graduate,0.045495423401136895,0.09156883991221396,0.8629357366866489
Graduate,Enrolled,0.22606329651466497,0.2588337427654719,0.515102960719863
Graduate,Enrolled,0.21689399531761813,0.29336521510114394,0.48974078958123773
Graduate,Enrolled,0.1327984683743944,0.24055201942039656,0.6266495122052091
Graduate,Enrolled,0.08134897235756366,0.32588365363898114,0.5927673740034549
Graduate,Graduate,0.14462848424485278,0.15729872823720276,0.6980727875179447
Graduate,Graduate,0.05410050576180631,0.08442357272859265,0.8614759215096008
Enrolled,Enrolled,0.17193329205871324,0.3501626507831944,0.47790405715809253
Dropout,Dropout,0.884027158215944,0.10813395383270723,0.007838887951348865
Dropout,Dropout,0.7684861669471227,0.22384414922721196,0.0076696838256653695
Enrolled,Enrolled,0.4404019313526995,0.4237290058629071,0.13586906278439365
Enrolled,Enrolled,0.3180270182038926,0.4133388992811602,0.268634082514947
Graduate,Enrolled,0.3202816610302423,0.22775974567823834,0.4519585932915193
Enrolled,Dropout,0.827349111936099,0.1719774492222164,0.0006734388416847623
Dropout,Dropout,0.8599294279579003,0.09641450539710057,0.04365606664499909
Dropout,Dropout,0.9302778663319596,0.0640584178916979,0.0056637157763430625
Graduate,Graduate,0.030554656604772856,0.06171305290260542,0.9077322904926217
Dropout,Dropout,0.8915763647778581,0.09122067389239086,0.01720296132975096
Dropout,Dropout,0.9175777564681832,0.0780307794266072,0.004391464105209472
Enrolled,Dropout,0.7804968356399672,0.21509872088657137,0.0044044434734614845
Graduate,Graduate,0.0374354413156005,0.06062265980986474,0.9019418988745347
Dropout,Graduate,0.12904892903651888,0.22189725141363256,0.6490538195498485
Enrolled,Dropout,0.8536533578448814,0.13307262341031398,0.013274018744804605
Enrolled,Enrolled,0.48882740849908285,0.32925756050979343,0.1819150309911237
Enrolled,Graduate,0.11889970691752244,0.16462923187831244,0.716471061204165
Dropout,Enrolled,0.6158315019695021,0.2821678887131101,0.10200060931738764
Enrolled,Enrolled,0.26988568200381247,0.17695517826692658,0.5531591397292608
Dropout,Dropout,0.9042859146167458,0.09423059734807618,0.0014834880351780166
Dropout,Enrolled,0.3375444828270878,0.5301020721970249,0.13235344497588705
Graduate,Graduate,0.13415910257263475,0.15225815865682588,0.7135827387705393
Dropout,Dropout,0.8979104926029254,0.07870162528239506,0.023387882114679587
Dropout,Enrolled,0.45885587248275467,0.4581276687128797,0.08301645880436558
Dropout,Enrolled,0.30356711146350285,0.32065432103957875,0.37577856749691835
Graduate,Graduate,0.10811218805425397,0.17133877020115143,0.7205490417445944
Dropout,Dropout,0.8386387083969358,0.1441679846713039,0.017193306931760396
Graduate,Graduate,0.08119110597350004,0.11694250348751635,0.8018663905389835
Dropout,Enrolled,0.44340461368486067,0.4619326106469271,0.09466277566821217
Dropout,Dropout,0.888007734608332,0.10257712552408735,0.00941513986758059
Graduate,Graduate,0.13415910257263475,0.15225815865682588,0.7135827387705393
Graduate,Graduate,0.1284800609716057,0.13135697431247703,0.7401629647159172
Graduate,Graduate,0.017711321835974486,0.0281796336516723,0.9541090445123532
Enrolled,Enrolled,0.3227186986308404,0.3501481323420231,0.3271331690271363
Graduate,Graduate,0.056035417093609416,0.08046147182336329,0.8635031110830274
Graduate,Graduate,0.0973279186400323,0.14029911673762205,0.7623729646223455
Graduate,Graduate,0.00856325886721261,0.012711636388461381,0.978725104744326
Graduate,Enrolled,0.17797724870693798,0.2191064889560114,0.6029162623370502
Graduate,Enrolled,0.4148068040058902,0.400321165829849,0.18487203016426096
Graduate,Graduate,0.06428065373952851,0.09880570742570677,0.8369136388347649
Dropout,Dropout,0.8828889795547322,0.09166019083322768,0.02545082961203984
Dropout,Dropout,0.9127844109672854,0.07287098971740501,0.014344599315309804
Graduate,Graduate,0.01555667426912004,0.031628696237948346,0.9528146294929314
Dropout,Enrolled,0.590545458409699,0.3919707236427954,0.0174838179475056
Dropout,Dropout,0.9023771921947776,0.08685003846509587,0.010772769340126453
Dropout,Enrolled,0.3691773215043353,0.4813262767003041,0.1494964017953606
Enrolled,Dropout,0.7931137718971644,0.18751605655904383,0.019370171543791583
Dropout,Enrolled,0.3949085427062926,0.3847613825860421,0.22033007470766558
Graduate,Graduate,0.01666348671928625,0.04738880232186315,0.9359477109588504
Graduate,Graduate,0.042223923377855695,0.11054256339939125,0.8472335132227531
Graduate,Graduate,0.04972776163415973,0.08972655713699954,0.8605456812288407
Graduate,Graduate,0.054645500700172246,0.16432079039828718,0.7810337089015406
Graduate,Graduate,0.06503030831572229,0.170654986118195,0.7643147055660829
Graduate,Graduate,0.07881173607716092,0.18711757429918205,0.7340706896236572
Graduate,Graduate,0.06428065373952851,0.09880570742570677,0.8369136388347649
Graduate,Graduate,0.1284800609716057,0.13135697431247703,0.7401629647159172
Graduate,Graduate,0.05281964031033202,0.09463573624879351,0.8525446234408743
Dropout,Enrolled,0.43311055662447934,0.4209938110891777,0.14589563228634275
Enrolled,Enrolled,0.3691773215043353,0.4813262767003041,0.1494964017953606
Enrolled,Dropout,0.6795781500955324,0.12645572911583824,0.19396612078862932
Enrolled,Dropout,0.6446090374213775,0.2662064477181832,0.08918451486043916
Dropout,Graduate,0.06534424023060496,0.09927748622622098,0.8353782735431742
Dropout,Dropout,0.7199766867354134,0.171737026414886,0.1082862868497007
Graduate,Graduate,0.08343401034962743,0.13502829374311257,0.7815376959072603
Graduate,Graduate,0.03203580228451898,0.04866737556799649,0.9192968221474844
Graduate,Graduate,0.07604443378080859,0.11010023746226553,0.8138553287569259
Dropout,Dropout,0.6795781500955324,0.12645572911583824,0.19396612078862932
Enrolled,Enrolled,0.24209867645782088,0.30310290351639596,0.45479842002578286
Dropout,Dropout,0.6795781500955324,0.12645572911583824,0.19396612078862932
Graduate,Graduate,0.052646874677943864,0.08469671848014237,0.8626564068419137
Graduate,Graduate,0.13415910257263475,0.15225815865682588,0.7135827387705393
Graduate,Graduate,0.0977191191843997,0.17654189487886604,0.7257389859367345
Dropout,Dropout,0.8478808258910353,0.12330248798428348,0.02881668612468135
Graduate,Enrolled,0.19428986117233332,0.2544141557041823,0.5512959831234844
Graduate,Graduate,0.040958416284780405,0.08144270983458667,0.8775988738806327
Graduate,Graduate,0.09607139074057659,0.1425667253614492,0.761361883897974
Enrolled,Enrolled,0.2028245777111284,0.3840688380550563,0.41310658423381524
Graduate,Graduate,0.1313169378153959,0.1920443933351985,0.6766386688494058
Enrolled,Dropout,0.7058774371335564,0.27454791008654067,0.019574652779902828
Graduate,Graduate,0.04612952670574186,0.05480920261828982,0.8990612706759683
Enrolled,Dropout,0.6265159979763718,0.27815441668655405,0.09532958533707421
Graduate,Enrolled,0.27141055746840853,0.39164749421216144,0.33694194831943
Enrolled,Enrolled,0.2574161962756459,0.3399844549348633,0.40259934878949083
Dropout,Dropout,0.8948851791763819,0.10031607411791184,0.004798746705706206
Enrolled,Dropout,0.7366215605503222,0.2437631665740344,0.019615272875643228
Graduate,Enrolled,0.23066420493696801,0.18308606873019997,0.5862497263328319
Enrolled,Graduate,0.047064939101891384,0.11623896613759348,0.8366960947605154
Graduate,Enrolled,0.0884007228554848,0.27288762655254106,0.6387116505919741
Dropout,Dropout,0.8790209064319817,0.09300951325445646,0.027969580313561906
Graduate,Graduate,0.01878689367132713,0.02483785913243129,0.9563752471962415
Graduate,Graduate,0.1284800609716057,0.13135697431247703,0.7401629647159172
Dropout,Graduate,0.16455734133361177,0.19894534922798085,0.6364973094384073
Graduate,Graduate,0.13415910257263475,0.15225815865682588,0.7135827387705393
Graduate,Graduate,0.07429768792513874,0.12117038839843086,0.8045319236764306
Dropout,Dropout,0.8406789519663938,0.0961867076873586,0.0631343403462478
Graduate,Enrolled,0.17167078615478845,0.49727098558566074,0.3310582282595507
Graduate,Dropout,0.6795781500955324,0.12645572911583824,0.19396612078862932
Enrolled,Enrolled,0.19215816658335239,0.4164771221054287,0.39136471131121875
Graduate,Graduate,0.15378682931905915,0.2009878801582521,0.6452252905226885
Enrolled,Enrolled,0.31919005957907004,0.2958644332447491,0.38494550717618076
Enrolled,Enrolled,0.5637582255771719,0.39492713163395854,0.04131464278886951
Dropout,Dropout,0.8923598886767732,0.09572877661110303,0.011911334712123332
Dropout,Dropout,0.6795781500955324,0.12645572911583824,0.19396612078862932
Graduate,Graduate,0.042223923377855695,0.11054256339939125,0.8472335132227531
Graduate,Graduate,0.03536885127796256,0.06577301505171015,0.898858133670327
Graduate,Enrolled,0.17528082298397288,0.6619398549563811,0.16277932205964557
Dropout,Enrolled,0.42628830483991154,0.3687630562063529,0.20494863895373516
Enrolled,Enrolled,0.3513833831457973,0.5875376978669039,0.06107891898729861
Graduate,Graduate,0.040958416284780405,0.08144270983458667,0.8775988738806327
Graduate,Dropout,0.6795781500955324,0.12645572911583824,0.19396612078862932
Dropout,Enrolled,0.5225138827048328,0.4554922723644034,0.02199384493076362
Graduate,Graduate,0.04149839280904373,0.09510878168884054,0.8633928255021156
Graduate,Graduate,0.03536885127796256,0.06577301505171015,0.898858133670327
Graduate,Graduate,0.13415910257263475,0.15225815865682588,0.7135827387705393
Graduate,Graduate,0.13415910257263475,0.15225815865682588,0.7135827387705393
Graduate,Graduate,0.08343401034962743,0.13502829374311257,0.7815376959072603
Graduate,Enrolled,0.15566004973358993,0.2957349229191816,0.5486050273472284
Graduate,Graduate,0.03593047255524499,0.07700496341119682,0.8870645640335582
Dropout,Dropout,0.8875637764375178,0.10292942153015584,0.009506802032326187
Dropout,Dropout,0.6795781500955324,0.12645572911583824,0.19396612078862932
Graduate,Graduate,0.01950604767080468,0.05922768803243604,0.9212662642967591
Dropout,Graduate,0.047581228489302,0.06989844266762982,0.8825203288430682
Graduate,Graduate,0.03586391201520863,0.06617269889110891,0.8979633890936823
Dropout,Dropout,0.7022879750028667,0.27107619851185727,0.026635826485276206
Graduate,Enrolled,0.23011143447541998,0.3283825113052747,0.4415060542193052
Graduate,Graduate,0.04822010795087365,0.13525818339632095,0.8165217086528053
Graduate,Graduate,0.03483423514659236,0.08780289529909614,0.8773628695543114
Dropout,Dropout,0.8650043901868779,0.12846896851291295,0.006526641300209063
Enrolled,Dropout,0.9141328116743026,0.08495166735032067,0.0009155209753769723
Enrolled,Enrolled,0.17789825844341556,0.2136648777728199,0.6084368637837643
Enrolled,Graduate,0.05765952194655053,0.16846837857052077,0.773872099482929
Enrolled,Graduate,0.17187711194496466,0.16605468390211328,0.662068204152922
Graduate,Graduate,0.004849412557854225,0.009799962094836197,0.9853506253473097
Graduate,Graduate,0.06428065373952851,0.09880570742570677,0.8369136388347649
Dropout,Enrolled,0.5721982892562134,0.38916097386322274,0.03864073688056383
Graduate,Enrolled,0.17082529963354964,0.2293975540170344,0.5997771463494159
Enrolled,Enrolled,0.09539677460299581,0.3211569459198641,0.5834462794771401
Graduate,Enrolled,0.3847884948492503,0.43887936028058616,0.17633214487016363
Dropout,Enrolled,0.6226813754934226,0.35654608659697257,0.020772537909604864
Dropout,Dropout,0.6943117409068762,0.25641028722953707,0.04927797186358657
Dropout,Enrolled,0.23717554294571497,0.35214195475689697,0.4106825022973878
Dropout,Enrolled,0.18661268554532015,0.43793475042259405,0.37545256403208577
Dropout,Dropout,0.6795781500955324,0.12645572911583824,0.19396612078862932
Enrolled,Dropout,0.7078384999487182,0.28015387738486225,0.012007622666419665
Enrolled,Enrolled,0.5637582255771719,0.39492713163395854,0.04131464278886951
Dropout,Dropout,0.8781831676844085,0.10555668469898137,0.01626014761660999
Dropout,Dropout,0.8674944935018061,0.1187789689104077,0.013726537587786077
Enrolled,Enrolled,0.2526014636345886,0.35425774181095254,0.3931407945544589
Graduate,Graduate,0.10386425111966942,0.15665224172222192,0.7394835071581085
Dropout,Dropout,0.8688879096408854,0.1285197336797237,0.002592356679390858
Graduate,Graduate,0.03673140600932018,0.08979693403830476,0.873471659952375
Graduate,Graduate,0.042223923377855695,0.11054256339939125,0.8472335132227531
Enrolled,Enrolled,0.31889100456186814,0.3820865990300236,0.29902239640810835
Enrolled,Enrolled,0.41262182420028864,0.3425010328073235,0.24487714299238755
Enrolled,Enrolled,0.29034911005661534,0.28468766981694255,0.42496322012644205
Dropout,Dropout,0.9355836824045308,0.05846924320554354,0.005947074389925432
Graduate,Graduate,0.0301065875852027,0.07090774063141203,0.8989856717833854
Dropout,Enrolled,0.2630981551698994,0.37017690736426484,0.36672493746583584
Graduate,Graduate,0.03203580228451898,0.04866737556799649,0.9192968221474844
Dropout,Dropout,0.7496611961501094,0.24314550055073922,0.007193303299151271
Dropout,Dropout,0.7888562704742548,0.19544562669589843,0.015698102829846846
Graduate,Enrolled,0.24639838172715403,0.3184303554590799,0.43517126281376617
Graduate,Graduate,0.04765010384190045,0.11682934309957688,0.8355205530585225
Dropout,Dropout,0.9141328116743026,0.08495166735032067,0.0009155209753769723
Graduate,Enrolled,0.15978746456564932,0.22445967655841934,0.6157528588759313
Enrolled,Enrolled,0.5252480823518388,0.43896214800419586,0.035789769643965345
Dropout,Dropout,0.9127864321853841,0.08553054363621404,0.0016830241784019468
Dropout,Dropout,0.9175777564681832,0.0780307794266072,0.004391464105209472
Dropout,Dropout,0.9302778663319596,0.0640584178916979,0.0056637157763430625
Graduate,Graduate,0.03203580228451898,0.04866737556799649,0.9192968221474844
Enrolled,Dropout,0.6081363735422742,0.2542545879000792,0.13760903855764653
Graduate,Graduate,0.13415910257263475,0.15225815865682588,0.7135827387705393
Graduate,Graduate,0.03536885127796256,0.06577301505171015,0.898858133670327
Graduate,Graduate,0.03872555694122274,0.0923873145739193,0.868887128484858
Dropout,Enrolled,0.4586963789905453,0.3516684335892405,0.1896351874202142
Graduate,Graduate,0.09902445304604852,0.10983254724117207,0.7911429997127791
Enrolled,Enrolled,0.20055097924134116,0.33873395254714683,0.460715068211512
Graduate,Graduate,0.0374354413156005,0.06062265980986474,0.9019418988745347
Dropout,Dropout,0.7558830114330073,0.2127411749333187,0.03137581363367367
Graduate,Graduate,0.05087035718378089,0.138873553039868,0.8102560897763509
Graduate,Graduate,0.0374354413156005,0.06062265980986474,0.9019418988745347
Enrolled,Enrolled,0.28557295746398603,0.4044428807212469,0.30998416181476673
Graduate,Enrolled,0.08432249345886728,0.2825590653366224,0.6331184412045103
Graduate,Graduate,0.04612952670574186,0.05480920261828982,0.8990612706759683
Dropout,Enrolled,0.2026615473908562,0.25533353933216135,0.5420049132769824
Graduate,Enrolled,0.25203589476162236,0.36264516274743597,0.38531894249094145
Enrolled,Enrolled,0.1775007706198648,0.3847273919131248,0.4377718374670103
Graduate,Graduate,0.09151464230401107,0.1607488173386906,0.7477365403572982
Graduate,Graduate,0.1284800609716057,0.13135697431247703,0.7401629647159172
Dropout,Dropout,0.8835815008007271,0.1085034127216541,0.007915086477618608
Graduate,Enrolled,0.13583099356601255,0.29312636167905015,0.5710426447549374
Graduate,Graduate,0.04539421106952636,0.06851202433366911,0.8860937645968044
Dropout,Enrolled,0.42259103030083195,0.3553497293314396,0.22205924036772814
Dropout,Enrolled,0.34577610849730983,0.364966169210378,0.2892577222923123
Enrolled,Enrolled,0.23989815328166395,0.2964592527337459,0.46364259398458996
Graduate,Graduate,0.13415910257263475,0.15225815865682588,0.7135827387705393
Dropout,Enrolled,0.6516285856895622,0.30490826193804593,0.043463152372391664
Enrolled,Enrolled,0.5492970813813505,0.3375131716487366,0.11318974696991309
Graduate,Graduate,0.08343401034962743,0.13502829374311257,0.7815376959072603
Graduate,Graduate,0.1284800609716057,0.13135697431247703,0.7401629647159172
Dropout,Dropout,0.9076554626468718,0.08650415020887652,0.005840387144251712
Graduate,Graduate,0.056035417093609416,0.08046147182336329,0.8635031110830274
Dropout,Enrolled,0.28326517965368103,0.31700333429325056,0.39973148605306835
Dropout,Enrolled,0.39971225474663924,0.5488668103281269,0.05142093492523409
Graduate,Graduate,0.04781875861647404,0.100929923812284,0.8512513175712418
Graduate,Graduate,0.02525182213678987,0.07132651545074349,0.9034216624124666
Dropout,Enrolled,0.6169499248657543,0.3182070069742065,0.0648430681600393
Graduate,Graduate,0.1284800609716057,0.13135697431247703,0.7401629647159172
Graduate,Graduate,0.042223923377855695,0.11054256339939125,0.8472335132227531
Graduate,Graduate,0.05401870739212129,0.12298192497574051,0.8229993676321381
Graduate,Graduate,0.03203580228451898,0.04866737556799649,0.9192968221474844
Dropout,Dropout,0.8671849112425296,0.11126454333834802,0.021550545419122248
Graduate,Graduate,0.03586268142890518,0.08889147878022405,0.8752458397908707
Dropout,Enrolled,0.5074063937849965,0.2685746864916147,0.22401891972338897
Graduate,Enrolled,0.1921107955597421,0.39738791282486524,0.41050129161539284
Graduate,Enrolled,0.3572711026894171,0.3178983578236643,0.3248305394869185
Enrolled,Graduate,0.04639161110295008,0.09909913102960395,0.8545092578674464
Enrolled,Enrolled,0.30306217217093084,0.32621454028930086,0.37072328753976824
Dropout,Dropout,0.8564680140804906,0.12903127707115697,0.014500708848352358
Graduate,Graduate,0.030554656604772856,0.06171305290260542,0.9077322904926217
Graduate,Graduate,0.04612952670574186,0.05480920261828982,0.8990612706759683
Graduate,Graduate,0.11028671358736937,0.1519031861960563,0.7378101002165747
Dropout,Dropout,0.8830828117397135,0.07945464986041309,0.037462538399873214
Graduate,Graduate,0.03203580228451898,0.04866737556799649,0.9192968221474844
Graduate,Graduate,0.0374354413156005,0.06062265980986474,0.9019418988745347
Graduate,Graduate,0.06428065373952851,0.09880570742570677,0.8369136388347649
Dropout,Enrolled,0.229494664667778,0.38248454838965573,0.38802078694256636
Graduate,Graduate,0.01728829206471634,0.019122286875923,0.9635894210593606
Dropout,Enrolled,0.5402010801328608,0.30371201598674125,0.15608690388039817
Dropout,Dropout,0.9018911529445341,0.09683114759713247,0.001277699458333532
Graduate,Graduate,0.07987841560071632,0.23152719962626064,0.6885943847730229
Graduate,Graduate,0.07138933934367268,0.19429799556582664,0.7343126650905004
Dropout,Enrolled,0.34040851629419977,0.29081866400926965,0.3687728196965307
Graduate,Graduate,0.03536885127796256,0.06577301505171015,0.898858133670327
Dropout,Dropout,0.8803434952814114,0.11592314529506173,0.0037333594235267123
Dropout,Dropout,0.9171903794539782,0.0699775981334387,0.012832022412583612
Dropout,Dropout,0.7649794963916741,0.22934982606865817,0.005670677539667631
Graduate,Dropout,0.6795781500955324,0.12645572911583824,0.19396612078862932
Graduate,Graduate,0.13415910257263475,0.15225815865682588,0.7135827387705393
Dropout,Enrolled,0.14605060030765404,0.23101111921709933,0.6229382804752466
Graduate,Graduate,0.035470781853685296,0.07658184144159112,0.8879473767047238
Graduate,Graduate,0.03203580228451898,0.04866737556799649,0.9192968221474844
Graduate,Enrolled,0.15798620953212342,0.3412523404046335,0.5007614500632429
Enrolled,Enrolled,0.314323091005937,0.4135723911153297,0.27210451787873335
Enrolled,Dropout,0.9018911529445341,0.09683114759713247,0.001277699458333532
Graduate,Graduate,0.03536885127796256,0.06577301505171015,0.898858133670327
Graduate,Graduate,0.07429768792513874,0.12117038839843086,0.8045319236764306
Enrolled,Graduate,0.144915587628698,0.19696800944595108,0.6581164029253511
Graduate,Graduate,0.03536885127796256,0.06577301505171015,0.898858133670327
Dropout,Graduate,0.08564814646260485,0.20932045273467076,0.7050314008027244
Graduate,Graduate,0.07734029531573837,0.13773623576939809,0.7849234689148636
Enrolled,Enrolled,0.33577802743309276,0.5012705913577797,0.1629513812091276
Dropout,Graduate,0.03483423514659236,0.08780289529909614,0.8773628695543114
Graduate,Graduate,0.01757800004088399,0.022472648720078783,0.9599493512390372
Graduate,Dropout,0.6795781500955324,0.12645572911583824,0.19396612078862932
Enrolled,Graduate,0.030554656604772856,0.06171305290260542,0.9077322904926217
Enrolled,Enrolled,0.24978212973285652,0.33764212957445866,0.4125757406926851
Dropout,Enrolled,0.6020979431233507,0.3749835221914145,0.02291853468523477
Graduate,Graduate,0.1284800609716057,0.13135697431247703,0.7401629647159172
Graduate,Graduate,0.01666348671928625,0.04738880232186315,0.9359477109588504
Enrolled,Dropout,0.6795781500955324,0.12645572911583824,0.19396612078862932
Dropout,Graduate,0.058747864770656716,0.12161552490045965,0.8196366103288837
Graduate,Enrolled,0.22375943127264325,0.2761102607832574,0.5001303079440994
Dropout,Dropout,0.8120267776823318,0.17358810400203956,0.01438511831562894
Enrolled,Enrolled,0.20636295811186808,0.2654950826650378,0.5281419592230943
Dropout,Dropout,0.7657167642405749,0.1618598045516512,0.07242343120777411
Graduate,Graduate,0.12418904896062113,0.1816040377992344,0.6942069132401447
Dropout,Enrolled,0.3440734628969687,0.28404133521188724,0.3718852018911441
Dropout,Dropout,0.8875637764375178,0.10292942153015584,0.009506802032326187
Graduate,Graduate,0.050448715408962695,0.09286115617349437,0.8566901284175431
Dropout,Graduate,0.12587885555065598,0.13758297599755326,0.7365381684517911
Dropout,Dropout,0.7717470688827733,0.20462803507634833,0.023624896040878595
Graduate,Graduate,0.04612952670574186,0.05480920261828982,0.8990612706759683
Graduate,Graduate,0.06428065373952851,0.09880570742570677,0.8369136388347649
Enrolled,Enrolled,0.5195715480975485,0.44161868223221246,0.038809769670239316
Dropout,Graduate,0.056035417093609416,0.08046147182336329,0.8635031110830274
Dropout,Dropout,0.798333816025149,0.19804073183395274,0.0036254521408982813
Graduate,Enrolled,0.22002451306614618,0.5124578523136227,0.26751763462023087
Dropout,Enrolled,0.38853554246632366,0.3995169451277894,0.21194751240588688
Enrolled,Graduate,0.18959830438542702,0.19573570178405147,0.6146659938305211
Dropout,Dropout,0.6795781500955324,0.12645572911583824,0.19396612078862932
Dropout,Dropout,0.9111449964399889,0.08708481158620411,0.0017701919738069827
Graduate,Graduate,0.056035417093609416,0.08046147182336329,0.8635031110830274
Graduate,Enrolled,0.21467975523057142,0.2779452281751256,0.5073750165943031
Graduate,Graduate,0.040958416284780405,0.08144270983458667,0.8775988738806327
Enrolled,Enrolled,0.23197336783979206,0.28017691880702644,0.4878497133531815
Graduate,Enrolled,0.14450290935998708,0.3165372967408395,0.5389597938991735
Enrolled,Graduate,0.030554656604772856,0.06171305290260542,0.9077322904926217
Graduate,Graduate,0.1284800609716057,0.13135697431247703,0.7401629647159172
Graduate,Graduate,0.04097741446880804,0.09460597026189341,0.8644166152692987
Graduate,Graduate,0.030554656604772856,0.06171305290260542,0.9077322904926217
Graduate,Enrolled,0.14949546347623804,0.2718764846604214,0.5786280518633402
Graduate,Enrolled,0.27188723517065844,0.3597602527133889,0.3683525121159528
Graduate,Graduate,0.044532582921010075,0.11362983038280888,0.8418375866961809
Graduate,Enrolled,0.2599363486676184,0.2915505240392607,0.4485131272931211
Graduate,Graduate,0.07325700770890771,0.12065432976075953,0.806088662530333
Dropout,Dropout,0.8886901434368851,0.10203467489449776,0.00927518166861708
Graduate,Graduate,0.03177652293026266,0.07257630945156537,0.8956471676181719
Graduate,Graduate,0.07429768792513874,0.12117038839843086,0.8045319236764306
Graduate,Graduate,0.04612952670574186,0.05480920261828982,0.8990612706759683
Graduate,Graduate,0.0374354413156005,0.06062265980986474,0.9019418988745347
Graduate,Graduate,0.07325700770890771,0.12065432976075953,0.806088662530333
Enrolled,Enrolled,0.3082544313633349,0.40338144998883985,0.28836411864782524
Graduate,Graduate,0.00856325886721261,0.012711636388461381,0.978725104744326
Dropout,Dropout,0.9294676419673364,0.059545198443906454,0.010987159588756833
Graduate,Graduate,0.05307865521752283,0.09772219975374893,0.8491991450287284
Enrolled,Enrolled,0.4920243602662891,0.4563118161720711,0.05166382356163986
Enrolled,Enrolled,0.2536414985277201,0.455994649609368,0.2903638518629116
Dropout,Graduate,0.07695651708662567,0.23977033756460714,0.6832731453487669
Graduate,Graduate,0.1284800609716057,0.13135697431247703,0.7401629647159172
Dropout,Enrolled,0.6143639319222046,0.31350775691758437,0.07212831116021118
Graduate,Graduate,0.056035417093609416,0.08046147182336329,0.8635031110830274
Graduate,Graduate,0.040958416284780405,0.08144270983458667,0.8775988738806327
Dropout,Dropout,0.7783858695419571,0.08566576827688588,0.13594836218115666
Graduate,Graduate,0.015215799101237193,0.02631227237296057,0.9584719285258024
Dropout,Enrolled,0.22937547582906698,0.28274889384819124,0.4878756303227419
Graduate,Graduate,0.015795622771262213,0.034144135404450396,0.9500602418242875
Graduate,Graduate,0.06608268604249438,0.13278239126552174,0.8011349226919838
Graduate,Graduate,0.0374354413156005,0.06062265980986474,0.9019418988745347
Graduate,Graduate,0.06534424023060496,0.09927748622622098,0.8353782735431742
Enrolled,Graduate,0.11653505694717307,0.2344254556986481,0.6490394873541789
Graduate,Enrolled,0.2132495634759494,0.24612740311389564,0.5406230334101549
Dropout,Dropout,0.9125533485638522,0.08448387994523139,0.0029627714909164367
Dropout,Enrolled,0.31919005957907004,0.2958644332447491,0.38494550717618076
Enrolled,Enrolled,0.6516285856895622,0.30490826193804593,0.043463152372391664
Graduate,Graduate,0.011552577815024162,0.017033272115451314,0.9714141500695247
Dropout,Dropout,0.9111449964399889,0.08708481158620411,0.0017701919738069827
Graduate,Enrolled,0.14605060030765404,0.23101111921709933,0.6229382804752466
Graduate,Graduate,0.05059777223696846,0.11549785778115869,0.8339043699818732
Dropout,Dropout,0.9100464054121882,0.08690083599021714,0.003052758597594776
Graduate,Graduate,0.03203580228451898,0.04866737556799649,0.9192968221474844
Graduate,Graduate,0.03586391201520863,0.06617269889110891,0.8979633890936823
Dropout,Dropout,0.8902346801510626,0.10439264924012125,0.005372670608816379
Graduate,Graduate,0.08221805330861107,0.08198196590794321,0.8357999807834459
Enrolled,Graduate,0.03203580228451898,0.04866737556799649,0.9192968221474844
Graduate,Enrolled,0.27306859045737386,0.3696787036837878,0.3572527058588383
Dropout,Dropout,0.8803434952814114,0.11592314529506173,0.0037333594235267123
Enrolled,Graduate,0.055132472944342543,0.0863370897293941,0.8585304373262636
Dropout,Graduate,0.032100508424632114,0.04015096227283681,0.927748529302531
Dropout,Graduate,0.14406932104218148,0.15118183686274356,0.7047488420950747
Graduate,Graduate,0.03536885127796256,0.06577301505171015,0.898858133670327
Graduate,Enrolled,0.32428224944765094,0.25312136308980615,0.42259638746254263
Graduate,Graduate,0.03362418081626649,0.049710022935902855,0.9166657962478307
Enrolled,Enrolled,0.4707124279022068,0.43800199805797413,0.09128557403981899
Enrolled,Enrolled,0.24231863029292494,0.32157937912012524,0.4361019905869498
Graduate,Graduate,0.08343401034962743,0.13502829374311257,0.7815376959072603
Dropout,Dropout,0.8790209064319817,0.09300951325445646,0.027969580313561906
Enrolled,Graduate,0.01666348671928625,0.04738880232186315,0.9359477109588504
Dropout,Dropout,0.6795781500955324,0.12645572911583824,0.19396612078862932
Graduate,Graduate,0.1284800609716057,0.13135697431247703,0.7401629647159172
Dropout,Dropout,0.9329724250342954,0.05899563969729164,0.008031935268412832
Dropout,Dropout,0.7636927566583332,0.22716432187789828,0.009142921463768794
Enrolled,Enrolled,0.44978040705052874,0.4035018328234001,0.14671776012607113
Dropout,Dropout,0.8992347185667682,0.09646848656781906,0.004296794865412933
Dropout,Dropout,0.7038240717572458,0.2805013060614128,0.01567462218134153
Graduate,Graduate,0.1284800609716057,0.13135697431247703,0.7401629647159172
Graduate,Graduate,0.1284800609716057,0.13135697431247703,0.7401629647159172
Graduate,Graduate,0.058518153070757375,0.1944119618089575,0.747069885120285
Enrolled,Enrolled,0.5692768111766796,0.366663263895064,0.06405992492825632
Dropout,Dropout,0.7981632265330099,0.18984146330852722,0.011995310158462955
Graduate,Graduate,0.04806334924912777,0.11306293663797463,0.8388737141128975
Graduate,Enrolled,0.14151575216301499,0.2600171255001126,0.5984671223368724
Enrolled,Dropout,0.9175777564681832,0.0780307794266072,0.004391464105209472
Graduate,Graduate,0.040958416284780405,0.08144270983458667,0.8775988738806327
Dropout,Graduate,0.052646874677943864,0.08469671848014237,0.8626564068419137
Graduate,Graduate,0.08168239753675216,0.11381087526102514,0.8045067272022228
Graduate,Graduate,0.12418904896062113,0.1816040377992344,0.6942069132401447
Dropout,Dropout,0.8803434952814114,0.11592314529506173,0.0037333594235267123
Dropout,Dropout,0.7319875869161996,0.2463114783534037,0.021700934730396568
Graduate,Graduate,0.13415910257263475,0.15225815865682588,0.7135827387705393
Graduate,Graduate,0.014135426042649486,0.02545365323698125,0.9604109207203693
Dropout,Dropout,0.8763098597307459,0.09406768175924274,0.029622458510011336
Graduate,Enrolled,0.34668115519261733,0.21701527034841125,0.4363035744589711
Enrolled,Enrolled,0.26890501075011264,0.41558852301359717,0.3155064662362899
Graduate,Graduate,0.030554656604772856,0.06171305290260542,0.9077322904926217
Graduate,Graduate,0.14267719518888697,0.1423571682866908,0.7149656365244221
Dropout,Dropout,0.6795781500955324,0.12645572911583824,0.19396612078862932
Dropout,Dropout,0.9302778663319596,0.0640584178916979,0.0056637157763430625
Dropout,Graduate,0.11041433736208917,0.18334539999588748,0.7062402626420236
Dropout,Enrolled,0.29540431809010637,0.37095381724156345,0.33364186466833023
Graduate,Graduate,0.05133002371871359,0.0774124486118706,0.8712575276694158
Graduate,Graduate,0.056035417093609416,0.08046147182336329,0.8635031110830274
Graduate,Graduate,0.03673140600932018,0.08979693403830476,0.873471659952375
Graduate,Graduate,0.04718354852048143,0.10036641718701618,0.8524500342925025
Graduate,Graduate,0.07618142558562575,0.17603249702455848,0.7477860773898155
Graduate,Graduate,0.06811800842933928,0.14483255109540968,0.787049440475251
Dropout,Enrolled,0.3052971673099471,0.37873424135566836,0.3159685913343842
Graduate,Graduate,0.04124577085775024,0.1094728118160733,0.8492814173261765
Enrolled,Enrolled,0.10120886747928284,0.3832902908455721,0.5155008416751449
Dropout,Graduate,0.0686730971658412,0.10166193441322206,0.8296649684209368
Dropout,Dropout,0.87948888515414,0.10464446400080103,0.015866650845058915
Graduate,Enrolled,0.19598273041598724,0.24733152557279947,0.5566857440112131
Graduate,Graduate,0.03362418081626649,0.049710022935902855,0.9166657962478307
Dropout,Dropout,0.8979104926029254,0.07870162528239506,0.023387882114679587
Graduate,Graduate,0.05956650721911041,0.06872632719648536,0.8717071655844042
Graduate,Graduate,0.06428065373952851,0.09880570742570677,0.8369136388347649
Graduate,Graduate,0.03593047255524499,0.07700496341119682,0.8870645640335582
Graduate,Graduate,0.040958416284780405,0.08144270983458667,0.8775988738806327
Dropout,Dropout,0.9079746872548786,0.07595107150335473,0.016074241241766964
Dropout,Dropout,0.6795781500955324,0.12645572911583824,0.19396612078862932
Dropout,Dropout,0.8790615574427948,0.11434758506463871,0.006590857492566457
Graduate,Graduate,0.0374354413156005,0.06062265980986474,0.9019418988745347
Graduate,Graduate,0.03586391201520863,0.06617269889110891,0.8979633890936823
Dropout,Enrolled,0.20636295811186808,0.2654950826650378,0.5281419592230943
Graduate,Enrolled,0.15729720344110912,0.2966392510788934,0.5460635454799974
Dropout,Dropout,0.8550791319905519,0.1319639749413396,0.012956893068108325
Enrolled,Graduate,0.08688056174369756,0.12071774770926509,0.7924016905470375
Graduate,Graduate,0.1284800609716057,0.13135697431247703,0.7401629647159172
Dropout,Graduate,0.062179565757088745,0.15043334926531937,0.7873870849775919
Graduate,Graduate,0.1284800609716057,0.13135697431247703,0.7401629647159172
Enrolled,Enrolled,0.18631091058484467,0.3379613369752166,0.47572775243993864
Dropout,Dropout,0.7551410031261313,0.22970516400437496,0.01515383286949358
Graduate,Enrolled,0.1892647909470929,0.35648655176759675,0.4542486572853104
Dropout,Enrolled,0.35464053472040996,0.39721560631803593,0.24814385896155405
Enrolled,Enrolled,0.31919005957907004,0.2958644332447491,0.38494550717618076
Dropout,Dropout,0.9302778663319596,0.0640584178916979,0.0056637157763430625
Graduate,Enrolled,0.3180270182038926,0.4133388992811602,0.268634082514947
Graduate,Graduate,0.0927869486402066,0.11172061599381199,0.7954924353659812
Dropout,Dropout,0.9079746872548786,0.07595107150335473,0.016074241241766964
Enrolled,Enrolled,0.2918547421670817,0.47429123491530906,0.23385402291760907
Dropout,Dropout,0.9302778663319596,0.0640584178916979,0.0056637157763430625
Dropout,Dropout,0.852774563573831,0.1290762753798322,0.018149161046336765
Graduate,Graduate,0.01666348671928625,0.04738880232186315,0.9359477109588504
Dropout,Dropout,0.9079746872548786,0.07595107150335473,0.016074241241766964
Enrolled,Enrolled,0.314323091005937,0.4135723911153297,0.27210451787873335
Enrolled,Enrolled,0.1297677200995475,0.2713468832981754,0.5988853966022771
Graduate,Enrolled,0.24313042860411618,0.35488227469698125,0.40198729669890243
Graduate,Enrolled,0.08582181632841061,0.2924543137517716,0.6217238699198177
Graduate,Graduate,0.05133002371871359,0.0774124486118706,0.8712575276694158
Graduate,Enrolled,0.41094555037871866,0.349153531088174,0.23990091853310733
Graduate,Graduate,0.12418904896062113,0.1816040377992344,0.6942069132401447
Graduate,Graduate,0.1284800609716057,0.13135697431247703,0.7401629647159172
Graduate,Enrolled,0.3342811178394876,0.38091266014855096,0.2848062220119614
Enrolled,Enrolled,0.5139561268480347,0.39988393765498076,0.08615993549698477
Enrolled,Enrolled,0.27923128076811016,0.3719518581175088,0.3488168611143809
Dropout,Enrolled,0.6671206246910585,0.30418227515508967,0.028697100153851844
Graduate,Graduate,0.06428065373952851,0.09880570742570677,0.8369136388347649
Graduate,Graduate,0.03203580228451898,0.04866737556799649,0.9192968221474844
Graduate,Graduate,0.03203580228451898,0.04866737556799649,0.9192968221474844
Dropout,Dropout,0.866095331581876,0.12901589803693259,0.004888770381191168
Enrolled,Enrolled,0.6516285856895622,0.30490826193804593,0.043463152372391664
Graduate,Graduate,0.06147255090008451,0.17269782938158604,0.7658296197183299
Dropout,Dropout,0.8264655998950632,0.1663035705365689,0.007230829568367968
Dropout,Dropout,0.9007952469908611,0.0931710078103247,0.006033745198814239
Enrolled,Enrolled,0.14992202042926067,0.3959301945531262,0.45414778501761305
Dropout,Enrolled,0.5461375021841257,0.2665935458152794,0.18726895200059493
Dropout,Dropout,0.8833501029123958,0.11006951007059405,0.006580387017010088
Graduate,Graduate,0.1284800609716057,0.13135697431247703,0.7401629647159172
Graduate,Graduate,0.06140797745446862,0.0723785169760579,0.8662135055694734
Graduate,Graduate,0.07429768792513874,0.12117038839843086,0.8045319236764306
Graduate,Graduate,0.11912661552696986,0.20325354082017424,0.6776198436528559
Dropout,Dropout,0.8875637764375178,0.10292942153015584,0.009506802032326187
Dropout,Enrolled,0.35911282874850725,0.45678949714631345,0.18409767410517938
Graduate,Graduate,0.03203580228451898,0.04866737556799649,0.9192968221474844
Graduate,Graduate,0.07359340622640073,0.17367309196721775,0.7527335018063818
Dropout,Dropout,0.8875637764375178,0.10292942153015584,0.009506802032326187
Graduate,Graduate,0.03348591022760937,0.07471743959370784,0.8917966501786829
Graduate,Graduate,0.043565164244014146,0.0752121297488112,0.8812227060071747
Dropout,Graduate,0.04859814681916175,0.06019284062075787,0.8912090125600802
Graduate,Graduate,0.02525182213678987,0.07132651545074349,0.9034216624124666
Dropout,Dropout,0.9139815450694442,0.08235729570013817,0.0036611592304177046
Dropout,Graduate,0.05087035718378089,0.138873553039868,0.8102560897763509
Dropout,Dropout,0.8947120353756312,0.09858055422994301,0.006707410394425987
Dropout,Dropout,0.8304723997815538,0.16785197654126166,0.0016756236771844873
Enrolled,Enrolled,0.18900484668171944,0.5618848634587553,0.24911028985952507
Graduate,Graduate,0.01666348671928625,0.04738880232186315,0.9359477109588504
Dropout,Dropout,0.807389838206933,0.12009473688833369,0.07251542490473359
Graduate,Graduate,0.040958416284780405,0.08144270983458667,0.8775988738806327
Graduate,Graduate,0.056035417093609416,0.08046147182336329,0.8635031110830274
Dropout,Enrolled,0.6696366994297859,0.3043528562626049,0.02601044430760929
Dropout,Dropout,0.9000856781629644,0.09857020200465165,0.0013441198323841318
Enrolled,Enrolled,0.5129669609038946,0.3823557752363959,0.10467726385970928
Enrolled,Enrolled,0.2746394159657717,0.39038604049332415,0.33497454354090406
Enrolled,Enrolled,0.23989815328166395,0.2964592527337459,0.46364259398458996
Dropout,Enrolled,0.20738189091336598,0.42714867861077815,0.36546943047585606
Graduate,Graduate,0.13415910257263475,0.15225815865682588,0.7135827387705393
Graduate,Graduate,0.13415910257263475,0.15225815865682588,0.7135827387705393
Dropout,Dropout,0.8641487416737917,0.1265212886546403,0.009329969671568034
Dropout,Dropout,0.8898685452837515,0.10446099879471488,0.005670455921533972
Graduate,Enrolled,0.22943624210493888,0.33321707690422464,0.4373466809908361
Graduate,Graduate,0.05900280840460065,0.09523037376835818,0.8457668178270413
Graduate,Enrolled,0.11842748884296032,0.23168531816695354,0.649887192990086
Dropout,Dropout,0.6795781500955324,0.12645572911583824,0.19396612078862932
Graduate,Graduate,0.0374354413156005,0.06062265980986474,0.9019418988745347
Enrolled,Graduate,0.14747416980118663,0.15243978060503063,0.7000860495937828
Enrolled,Enrolled,0.4703558491939232,0.31750064869710576,0.212143502108971
Graduate,Graduate,0.1284800609716057,0.13135697431247703,0.7401629647159172
Dropout,Enrolled,0.49135833529505085,0.42151410444441156,0.08712756026053749
Graduate,Graduate,0.056035417093609416,0.08046147182336329,0.8635031110830274
Dropout,Dropout,0.9011795764113399,0.088806901791787,0.010013521796873271
Graduate,Enrolled,0.14450824382027558,0.23022527593101894,0.6252664802487053
Dropout,Graduate,0.09825947952608573,0.14607078016296218,0.7556697403109519
Graduate,Graduate,0.03177652293026266,0.07257630945156537,0.8956471676181719
Graduate,Graduate,0.04986509661510479,0.08819359951070507,0.86194130387419
Enrolled,Enrolled,0.4778481602419819,0.35534300388528145,0.1668088358727367
Graduate,Graduate,0.12981945957906557,0.1261013285256214,0.7440792118953129
Graduate,Graduate,0.14080893384538237,0.16463571666846474,0.6945553494861529
Graduate,Enrolled,0.10781361782961403,0.25320730113565604,0.6389790810347298
Graduate,Graduate,0.04598807921042612,0.05274407653723895,0.9012678442523349
Dropout,Dropout,0.6795781500955324,0.12645572911583824,0.19396612078862932
Graduate,Graduate,0.0374354413156005,0.06062265980986474,0.9019418988745347
Dropout,Dropout,0.8948851791763819,0.10031607411791184,0.004798746705706206
Graduate,Graduate,0.13415910257263475,0.15225815865682588,0.7135827387705393
Dropout,Dropout,0.7885087656671919,0.20417196912637625,0.007319265206431857
Dropout,Enrolled,0.5393488418164119,0.3026202263852935,0.15803093179829486
Graduate,Graduate,0.05900280840460065,0.09523037376835818,0.8457668178270413
Graduate,Enrolled,0.11989836457667179,0.2481968568841208,0.6319047785392076
Graduate,Graduate,0.015946074358073915,0.0197726516392628,0.9642812740026628
Enrolled,Enrolled,0.42259103030083195,0.3553497293314396,0.22205924036772814
Graduate,Enrolled,0.49766297079949834,0.3330191572384001,0.1693178719621014
Enrolled,Enrolled,0.4023151126556076,0.41101507459038916,0.18666981275400307
Dropout,Enrolled,0.5612051750594158,0.35594237051543204,0.08285245442515189
Dropout,Dropout,0.8876798266501424,0.10442339312922931,0.007896780220628142
Enrolled,Dropout,0.8876798266501424,0.10442339312922931,0.007896780220628142
Enrolled,Enrolled,0.1892647909470929,0.35648655176759675,0.4542486572853104
Enrolled,Enrolled,0.2172012982120528,0.3291268228362107,0.4536718789517364
Dropout,Graduate,0.12008847590542412,0.14481379045988227,0.7350977336346934
Graduate,Graduate,0.1284800609716057,0.13135697431247703,0.7401629647159172
Graduate,Graduate,0.05289377623551795,0.11305221287237363,0.8340540108921083
Graduate,Graduate,0.1284800609716057,0.13135697431247703,0.7401629647159172
Graduate,Graduate,0.03203580228451898,0.04866737556799649,0.9192968221474844
Graduate,Graduate,0.01666348671928625,0.04738880232186315,0.9359477109588504
Dropout,Enrolled,0.32328082681448894,0.44571670150377646,0.2310024716817344
Enrolled,Dropout,0.8860576175690391,0.11156687571914803,0.002375506711812731
Graduate,Enrolled,0.3145442802850543,0.4386351459707528,0.24682057374419258
Dropout,Dropout,0.9125533485638522,0.08448387994523139,0.0029627714909164367
Enrolled,Enrolled,0.08048419343749424,0.24372055826148917,0.6757952483010167
Graduate,Graduate,0.04612952670574186,0.05480920261828982,0.8990612706759683
Graduate,Graduate,0.04008675156091507,0.10818530077250632,0.8517279476665784
Graduate,Graduate,0.1284800609716057,0.13135697431247703,0.7401629647159172
Graduate,Graduate,0.04123608334818504,0.08846255585560571,0.8703013607962092
Dropout,Dropout,0.8927133345042191,0.10222471626057074,0.005061949235210103
Graduate,Graduate,0.040958416284780405,0.08144270983458667,0.8775988738806327
Graduate,Graduate,0.024981830722838137,0.02443907372573978,0.9505790955514223
Enrolled,Enrolled,0.10294474981466807,0.29402120085154193,0.6030340493337899
Enrolled,Enrolled,0.3217177074654738,0.2462100899853729,0.4320722025491533
Graduate,Graduate,0.05133002371871359,0.0774124486118706,0.8712575276694158
Graduate,Graduate,0.09108807418458452,0.14950720443637588,0.7594047213790396
Dropout,Dropout,0.9139815450694442,0.08235729570013817,0.0036611592304177046
Graduate,Enrolled,0.07950408004224409,0.24263521097113766,0.6778607089866185
Graduate,Graduate,0.03177652293026266,0.07257630945156537,0.8956471676181719
Enrolled,Enrolled,0.33250330003152323,0.3248920399234203,0.34260466004505635
Enrolled,Enrolled,0.28821478755601726,0.2589315517110267,0.452853660732956
Graduate,Graduate,0.13415910257263475,0.15225815865682588,0.7135827387705393
Dropout,Dropout,0.8599294279579003,0.09641450539710057,0.04365606664499909
Dropout,Dropout,0.8728695702433182,0.0847607911759013,0.04236963858078062
Graduate,Graduate,0.01666348671928625,0.04738880232186315,0.9359477109588504
Graduate,Enrolled,0.5410068406967489,0.34341745126196216,0.11557570804128908
Dropout,Dropout,0.9127844109672854,0.07287098971740501,0.014344599315309804
Graduate,Graduate,0.03177652293026266,0.07257630945156537,0.8956471676181719
Enrolled,Dropout,0.6795781500955324,0.12645572911583824,0.19396612078862932
Dropout,Dropout,0.8206162868484398,0.17456267161928166,0.004821041532278438
Graduate,Graduate,0.07429768792513874,0.12117038839843086,0.8045319236764306
Dropout,Enrolled,0.40843957648521156,0.3734564111376393,0.21810401237714888
Graduate,Enrolled,0.2861605851326222,0.3455225550256326,0.36831685984174517
Graduate,Graduate,0.0301065875852027,0.07090774063141203,0.8989856717833854
Dropout,Dropout,0.8326063070990174,0.15265012668140185,0.014743566219580694
Graduate,Graduate,0.04612952670574186,0.05480920261828982,0.8990612706759683
Graduate,Graduate,0.10811218805425397,0.17133877020115143,0.7205490417445944
Graduate,Graduate,0.0686730971658412,0.10166193441322206,0.8296649684209368
Graduate,Graduate,0.08343401034962743,0.13502829374311257,0.7815376959072603
Graduate,Dropout,0.6795781500955324,0.12645572911583824,0.19396612078862932
Enrolled,Enrolled,0.23778615352358173,0.6377114791112263,0.12450236736519188
Graduate,Graduate,0.03673140600932018,0.08979693403830476,0.873471659952375
Dropout,Graduate,0.12418904896062113,0.1816040377992344,0.6942069132401447
Enrolled,Enrolled,0.2214773993898897,0.5520757373857669,0.22644686322434338
Dropout,Dropout,0.7973715400857216,0.19735067397967493,0.0052777859346031155
Graduate,Enrolled,0.23915490268267178,0.33622515188475227,0.4246199454325758
Graduate,Graduate,0.0374354413156005,0.06062265980986474,0.9019418988745347
Graduate,Enrolled,0.13690894519656066,0.23652114929606846,0.6265699055073702
Enrolled,Graduate,0.05900280840460065,0.09523037376835818,0.8457668178270413
Enrolled,Graduate,0.03531277460536733,0.07135489132690477,0.8933323340677276
Enrolled,Enrolled,0.09201317148584086,0.27990218272812456,0.6280846457860346
Graduate,Graduate,0.030554656604772856,0.06171305290260542,0.9077322904926217
Dropout,Graduate,0.04097741446880804,0.09460597026189341,0.8644166152692987
Graduate,Graduate,0.015984868506899542,0.11788221729454967,0.8661329141985507
Dropout,Enrolled,0.2837580532136859,0.37879991506426414,0.33744203172204956
Graduate,Enrolled,0.20729955286276194,0.2760039681504981,0.5166964789867399
Dropout,Dropout,0.7128358542877691,0.26819523938098955,0.018968906331241348
Dropout,Dropout,0.7505578796612685,0.2359762837855023,0.013465836553229256
Dropout,Enrolled,0.45722984497696945,0.3640373649128548,0.17873279011017545
Dropout,Dropout,0.9125533485638522,0.08448387994523139,0.0029627714909164367
Enrolled,Enrolled,0.1806852894609827,0.24926031022765846,0.570054400311359
Graduate,Graduate,0.13415910257263475,0.15225815865682588,0.7135827387705393
Enrolled,Enrolled,0.5492970813813505,0.3375131716487366,0.11318974696991309
Graduate,Graduate,0.024074803949998246,0.030218568093856913,0.9457066279561451
Graduate,Graduate,0.04612952670574186,0.05480920261828982,0.8990612706759683
Dropout,Enrolled,0.5293438416554943,0.41585337836923525,0.05480277997527031
Graduate,Graduate,0.054339196383117815,0.1425824457126072,0.8030783579042751
Dropout,Enrolled,0.5257746509604784,0.4069757621821004,0.06724958685742137
Enrolled,Enrolled,0.46823115030811036,0.4488006372923646,0.082968212399525
Enrolled,Enrolled,0.1678528458334938,0.39547919483739447,0.43666795932911195
Graduate,Enrolled,0.2074182469173628,0.22768704832171457,0.5648947047609224
Dropout,Graduate,0.08119110597350004,0.11694250348751635,0.8018663905389835
Dropout,Dropout,0.9350755593196494,0.05745371979078671,0.00747072088956399
Enrolled,Enrolled,0.24978212973285652,0.33764212957445866,0.4125757406926851
Graduate,Graduate,0.1284800609716057,0.13135697431247703,0.7401629647159172
Graduate,Graduate,0.07325700770890771,0.12065432976075953,0.806088662530333
Enrolled,Enrolled,0.2933396264148878,0.37051128577623965,0.33614908780887226
Graduate,Graduate,0.04149839280904373,0.09510878168884054,0.8633928255021156
Graduate,Graduate,0.043156910337456014,0.1294066024789808,0.8274364871835632
Graduate,Graduate,0.1284800609716057,0.13135697431247703,0.7401629647159172
Graduate,Graduate,0.02412853064018885,0.053308446619771924,0.9225630227400392
Dropout,Dropout,0.930145717239971,0.06103784692509489,0.008816435834934156
Dropout,Dropout,0.6795781500955324,0.12645572911583824,0.19396612078862932
Graduate,Graduate,0.15594143795637683,0.19528083999085596,0.6487777220527672
Graduate,Graduate,0.011975805165207031,0.020217696486233203,0.9678064983485596
Dropout,Enrolled,0.29764881222529666,0.3709464589125882,0.3314047288621151
Graduate,Graduate,0.04822010795087365,0.13525818339632095,0.8165217086528053
Graduate,Graduate,0.04612952670574186,0.05480920261828982,0.8990612706759683
Enrolled,Graduate,0.12587885555065598,0.13758297599755326,0.7365381684517911
Graduate,Graduate,0.13101693973981413,0.19523775961293205,0.6737453006472539
Graduate,Graduate,0.0374354413156005,0.06062265980986474,0.9019418988745347
Dropout,Enrolled,0.31056497472712785,0.35665687922960626,0.33277814604326555
Enrolled,Graduate,0.11148785559691805,0.2121793235697203,0.6763328208333618
Enrolled,Enrolled,0.4749927949289262,0.30705693327742567,0.21795027179364787
Graduate,Graduate,0.11912661552696986,0.20325354082017424,0.6776198436528559
Enrolled,Dropout,0.6795781500955324,0.12645572911583824,0.19396612078862932
Enrolled,Graduate,0.040514866616595306,0.10647824154437573,0.8530068918390289
Dropout,Enrolled,0.21474727717147646,0.31177654157473295,0.4734761812537905
Dropout,Dropout,0.9294676419673364,0.059545198443906454,0.010987159588756833
Graduate,Graduate,0.03536885127796256,0.06577301505171015,0.898858133670327
Dropout,Graduate,0.04124577085775024,0.1094728118160733,0.8492814173261765
Dropout,Dropout,0.7751911371274255,0.21805572812382895,0.0067531347487456254
Graduate,Graduate,0.008082649360506369,0.019800376795516914,0.9721169738439766
Dropout,Dropout,0.9067646135385334,0.09185293982823461,0.0013824466332320682
Graduate,Graduate,0.01666348671928625,0.04738880232186315,0.9359477109588504
Dropout,Dropout,0.8388455505600588,0.14192453639975447,0.019229913040186744
Graduate,Graduate,0.02641606207789776,0.09147178169363719,0.8821121562284651
Enrolled,Enrolled,0.18498916246177557,0.2666467941583645,0.5483640433798602
Dropout,Enrolled,0.11333425508333872,0.24976379653421846,0.6369019483824426
Graduate,Graduate,0.03586391201520863,0.06617269889110891,0.8979633890936823
Dropout,Dropout,0.878527970320502,0.11710489395250287,0.00436713572699514
Graduate,Dropout,0.6795781500955324,0.12645572911583824,0.19396612078862932
Graduate,Graduate,0.05996388559976532,0.08290651048451925,0.8571296039157155
Graduate,Dropout,0.6795781500955324,0.12645572911583824,0.19396612078862932
Graduate,Enrolled,0.18095428227089955,0.35264816024517337,0.4663975574839272
Graduate,Graduate,0.04149839280904373,0.09510878168884054,0.8633928255021156
Dropout,Enrolled,0.3088722463109077,0.24502118308904855,0.4461065706000438
Dropout,Enrolled,0.35360984147403285,0.3603894575776981,0.2860007009482692
Dropout,Dropout,0.6795781500955324,0.12645572911583824,0.19396612078862932
Dropout,Dropout,0.9160435737610898,0.07107965068387728,0.012876775555033105
Graduate,Graduate,0.03348591022760937,0.07471743959370784,0.8917966501786829
Graduate,Graduate,0.01950604767080468,0.05922768803243604,0.9212662642967591
Enrolled,Graduate,0.03926341341851562,0.06188001736557699,0.8988565692159071
Graduate,Graduate,0.03177652293026266,0.07257630945156537,0.8956471676181719
Dropout,Dropout,0.8927133345042191,0.10222471626057074,0.005061949235210103
Graduate,Graduate,0.1284800609716057,0.13135697431247703,0.7401629647159172
Dropout,Enrolled,0.5393420896175485,0.3225464157085751,0.13811149467387596
Graduate,Graduate,0.07645726552796382,0.14079985347976148,0.7827428809922746
Graduate,Graduate,0.03586391201520863,0.06617269889110891,0.8979633890936823
Enrolled,Enrolled,0.24313042860411618,0.35488227469698125,0.40198729669890243
Enrolled,Enrolled,0.1392281279052265,0.31325662634031104,0.5475152457544624
Graduate,Enrolled,0.07641251292597537,0.2465504724424138,0.6770370146316107
Graduate,Graduate,0.056035417093609416,0.08046147182336329,0.8635031110830274
Dropout,Dropout,0.8408576966391449,0.1459572325245747,0.013185070836280254
Dropout,Enrolled,0.3964770161042484,0.37313707371051547,0.2303859101852361
Dropout,Enrolled,0.6240329502184111,0.3692873156726389,0.006679734108950048
Graduate,Dropout,0.6795781500955324,0.12645572911583824,0.19396612078862932
Enrolled,Enrolled,0.5297044030358979,0.38917738581084566,0.0811182111532562
Dropout,Dropout,0.8889205013194675,0.10597164068847674,0.005107857992055649
Graduate,Graduate,0.040958416284780405,0.08144270983458667,0.8775988738806327
Dropout,Dropout,0.8229153668848487,0.13901054759641382,0.038074085518737616
Dropout,Enrolled,0.4600484738442728,0.3221822703806332,0.21776925577509412
Graduate,Graduate,0.014864375847795118,0.017839042377447854,0.967296581774757
Graduate,Graduate,0.07642219935844374,0.14163985820955735,0.7819379424319992
Dropout,Graduate,0.15594143795637683,0.19528083999085596,0.6487777220527672
Graduate,Graduate,0.041348915822406976,0.040153832176754334,0.9184972520008388
Graduate,Graduate,0.1068622650411494,0.1956796894283133,0.6974580455305375
Graduate,Graduate,0.040958416284780405,0.08144270983458667,0.8775988738806327
Graduate,Enrolled,0.17156068539172664,0.38169069573989733,0.446748618868376
Enrolled,Dropout,0.7636927566583332,0.22716432187789828,0.009142921463768794
Graduate,Enrolled,0.18026404628380793,0.24692106845356532,0.5728148852626266
Graduate,Graduate,0.052646874677943864,0.08469671848014237,0.8626564068419137
Dropout,Dropout,0.6795781500955324,0.12645572911583824,0.19396612078862932
Dropout,Enrolled,0.29362168834561453,0.4041566717354251,0.3022216399189602
Enrolled,Enrolled,0.2875791072234743,0.4043812032674045,0.30803968950912114
Graduate,Graduate,0.04097741446880804,0.09460597026189341,0.8644166152692987
Dropout,Enrolled,0.2176604076238993,0.579794411371967,0.20254518100413352
Dropout,Enrolled,0.44254534558852576,0.43160725084061646,0.12584740357085775
Graduate,Graduate,0.03203580228451898,0.04866737556799649,0.9192968221474844
Graduate,Graduate,0.14899316217887532,0.16809124367217282,0.6829155941489518
Graduate,Graduate,0.00856325886721261,0.012711636388461381,0.978725104744326
Enrolled,Enrolled,0.5840607731572381,0.32787758057322236,0.08806164626953955
Dropout,Graduate,0.0924255159005863,0.18233359530731055,0.725240888792103
Dropout,Dropout,0.7724744691580525,0.22543666389111072,0.002088866950836584
Graduate,Enrolled,0.18717903287525067,0.21979193507387088,0.5930290320508782
Dropout,Dropout,0.7745565874994015,0.1988243697421047,0.026619042758493906
Dropout,Dropout,0.8835815008007271,0.1085034127216541,0.007915086477618608
Enrolled,Graduate,0.08654508225162974,0.1201539839243999,0.7933009338239703
Graduate,Enrolled,0.1977501632691395,0.44133840090701953,0.36091143582384067
Dropout,Dropout,0.893260491419846,0.10174466286390114,0.004994845716252945
Graduate,Graduate,0.04149839280904373,0.09510878168884054,0.8633928255021156
Enrolled,Enrolled,0.25206766953646265,0.27803843188041805,0.4698938985831192
Graduate,Graduate,0.040958416284780405,0.08144270983458667,0.8775988738806327
Graduate,Graduate,0.056035417093609416,0.08046147182336329,0.8635031110830274
Graduate,Graduate,0.1284800609716057,0.13135697431247703,0.7401629647159172
Graduate,Graduate,0.1284800609716057,0.13135697431247703,0.7401629647159172
Graduate,Graduate,0.05401870739212129,0.12298192497574051,0.8229993676321381
Dropout,Dropout,0.9302778663319596,0.0640584178916979,0.0056637157763430625
Graduate,Dropout,0.6795781500955324,0.12645572911583824,0.19396612078862932
Graduate,Graduate,0.1284800609716057,0.13135697431247703,0.7401629647159172
Graduate,Graduate,0.09176569429367876,0.14175621658510323,0.7664780891212178
Graduate,Graduate,0.03586391201520863,0.06617269889110891,0.8979633890936823
Graduate,Graduate,0.03203580228451898,0.04866737556799649,0.9192968221474844
Graduate,Graduate,0.011280054619763193,0.021506443044047717,0.9672135023361893
Enrolled,Dropout,0.8847124136684268,0.10756504595031878,0.0077225403812544715
Graduate,Graduate,0.11370874401823265,0.21365460576026685,0.6726366502215002
Graduate,Graduate,0.03536885127796256,0.06577301505171015,0.898858133670327
Graduate,Enrolled,0.17367236388673854,0.26166396112991563,0.564663674983346
Graduate,Graduate,0.12077152983779746,0.19576427497072393,0.6834641951914786
Graduate,Graduate,0.05900280840460065,0.09523037376835818,0.8457668178270413
Graduate,Graduate,0.056035417093609416,0.08046147182336329,0.8635031110830274
Dropout,Graduate,0.09606647319892861,0.15514232909919326,0.7487911977018781
Graduate,Graduate,0.056035417093609416,0.08046147182336329,0.8635031110830274
Enrolled,Enrolled,0.24866023835378392,0.575413866210715,0.17592589543550108
Dropout,Dropout,0.9111449964399889,0.08708481158620411,0.0017701919738069827
Graduate,Graduate,0.14462848424485278,0.15729872823720276,0.6980727875179447
Dropout,Dropout,0.8523234951868622,0.09475306575444767,0.05292343905868979
Graduate,Graduate,0.06534424023060496,0.09927748622622098,0.8353782735431742
Enrolled,Enrolled,0.38369326591227565,0.41973463818620593,0.19657209590151836
Graduate,Graduate,0.007690926888054018,0.010360573515463115,0.9819484995964826
Graduate,Graduate,0.03203580228451898,0.04866737556799649,0.9192968221474844
Dropout,Dropout,0.9111449964399889,0.08708481158620411,0.0017701919738069827
Enrolled,Enrolled,0.3838354013343925,0.3654702653284313,0.2506943333371764
Dropout,Enrolled,0.36216986547428826,0.42672887290861566,0.2111012616170957
Enrolled,Dropout,0.6795781500955324,0.12645572911583824,0.19396612078862932
Graduate,Graduate,0.01555667426912004,0.031628696237948346,0.9528146294929314
Enrolled,Graduate,0.16538880018061852,0.21369327429756188,0.6209179255218195
Graduate,Graduate,0.050448715408962695,0.09286115617349437,0.8566901284175431
Dropout,Enrolled,0.3796558523202704,0.4110253127165083,0.20931883496322118
Graduate,Graduate,0.13415910257263475,0.15225815865682588,0.7135827387705393
Graduate,Enrolled,0.3278645920245572,0.38422747241245636,0.2879079355629862
Enrolled,Enrolled,0.2884242186764497,0.25380327066269254,0.4577725106608577
Dropout,Enrolled,0.44049305630576563,0.2990774463243087,0.26042949736992566
Dropout,Dropout,0.9111158132925293,0.07394859674784308,0.014935589959627849
Dropout,Dropout,0.8805613739739172,0.06897456305319999,0.05046406297288286
Graduate,Graduate,0.11028671358736937,0.1519031861960563,0.7378101002165747
Graduate,Graduate,0.05759576361840256,0.1409138303078385,0.8014904060737593
Graduate,Graduate,0.03203580228451898,0.04866737556799649,0.9192968221474844
Graduate,Graduate,0.03177652293026266,0.07257630945156537,0.8956471676181719
Enrolled,Enrolled,0.18861042685123106,0.47386772264708465,0.33752185050168404
Graduate,Graduate,0.12418904896062113,0.1816040377992344,0.6942069132401447
Enrolled,Enrolled,0.09453476373512165,0.24809257329444298,0.6573726629704353
Graduate,Graduate,0.030554656604772856,0.06171305290260542,0.9077322904926217
Enrolled,Enrolled,0.5420536513712383,0.3615491988259623,0.09639714980279922
Graduate,Graduate,0.08119110597350004,0.11694250348751635,0.8018663905389835
Dropout,Dropout,0.8979104926029254,0.07870162528239506,0.023387882114679587
Graduate,Graduate,0.03203580228451898,0.04866737556799649,0.9192968221474844
Graduate,Graduate,0.03203580228451898,0.04866737556799649,0.9192968221474844
Graduate,Enrolled,0.17156068539172664,0.38169069573989733,0.446748618868376
Enrolled,Enrolled,0.48386564980498237,0.3405142494214071,0.17562010077361065
Graduate,Graduate,0.18074272354032675,0.17592478174579887,0.6433324947138742
Graduate,Graduate,0.03203580228451898,0.04866737556799649,0.9192968221474844
Enrolled,Enrolled,0.17167078615478845,0.49727098558566074,0.3310582282595507
Dropout,Dropout,0.8803434952814114,0.11592314529506173,0.0037333594235267123
Graduate,Graduate,0.04612952670574186,0.05480920261828982,0.8990612706759683
Graduate,Enrolled,0.15038711590028178,0.35906414924833224,0.4905487348513863
Graduate,Graduate,0.03586391201520863,0.06617269889110891,0.8979633890936823
Graduate,Graduate,0.05807905742202362,0.11398965490458528,0.8279312876733911
Dropout,Dropout,0.9329724250342954,0.05899563969729164,0.008031935268412832
Graduate,Graduate,0.009105109909340806,0.013076838174609385,0.9778180519160496
Graduate,Graduate,0.03177652293026266,0.07257630945156537,0.8956471676181719
Graduate,Graduate,0.05359024376843444,0.06790744545113547,0.8785023107804303
Graduate,Graduate,0.09880446012476081,0.1537739809428978,0.7474215589323412
Enrolled,Enrolled,0.6020979431233507,0.3749835221914145,0.02291853468523477
Graduate,Dropout,0.6795781500955324,0.12645572911583824,0.19396612078862932
Dropout,Enrolled,0.6139730014763752,0.28474744911690403,0.10127954940672075
Graduate,Enrolled,0.3565914722405226,0.30767957550546243,0.33572895225401506
Graduate,Enrolled,0.15759080191492061,0.2685513124549149,0.5738578856301643
Graduate,Graduate,0.056035417093609416,0.08046147182336329,0.8635031110830274
Enrolled,Graduate,0.052374954426232044,0.09717367436670035,0.8504513712070674
Dropout,Dropout,0.9076554626468718,0.08650415020887652,0.005840387144251712
Dropout,Enrolled,0.6141477417404584,0.3436724366366212,0.04217982162292014
Graduate,Graduate,0.035470781853685296,0.07658184144159112,0.8879473767047238
Dropout,Enrolled,0.6233822410400489,0.3266191000797357,0.04999865888021538
Dropout,Dropout,0.930145717239971,0.06103784692509489,0.008816435834934156
Graduate,Graduate,0.04612952670574186,0.05480920261828982,0.8990612706759683
Graduate,Graduate,0.11370874401823265,0.21365460576026685,0.6726366502215002
Graduate,Graduate,0.045495423401136895,0.09156883991221396,0.8629357366866489
Enrolled,Dropout,0.6947007526812294,0.19410722410540726,0.1111920232133634
Dropout,Dropout,0.904687514304344,0.08235289035785093,0.012959595337805085
Graduate,Dropout,0.6795781500955324,0.12645572911583824,0.19396612078862932
Graduate,Enrolled,0.14181604328706862,0.4372774381122717,0.42090651860065936
Dropout,Dropout,0.8714020786169184,0.118103517758075,0.010494403625006303
Graduate,Graduate,0.12418904896062113,0.1816040377992344,0.6942069132401447
Enrolled,Enrolled,0.19043072303450162,0.25073664254443456,0.5588326344210636
Dropout,Dropout,0.8965920896367514,0.07943151714744646,0.0239763932158023
Enrolled,Enrolled,0.29639046444728245,0.6161837296874357,0.08742580586528163
Dropout,Graduate,0.04612952670574186,0.05480920261828982,0.8990612706759683
Graduate,Graduate,0.13415910257263475,0.15225815865682588,0.7135827387705393
Graduate,Graduate,0.08119110597350004,0.11694250348751635,0.8018663905389835
Dropout,Dropout,0.8861795090741706,0.10402480634244338,0.009795684583386121
Graduate,Graduate,0.056035417093609416,0.08046147182336329,0.8635031110830274
Dropout,Dropout,0.9350755593196494,0.05745371979078671,0.00747072088956399
Dropout,Graduate,0.03362418081626649,0.049710022935902855,0.9166657962478307
Enrolled,Graduate,0.0686730971658412,0.10166193441322206,0.8296649684209368
Graduate,Graduate,0.03483423514659236,0.08780289529909614,0.8773628695543114
Dropout,Dropout,0.714099598767854,0.2493849794093874,0.036515421822758715
Dropout,Dropout,0.8171239082011154,0.17843994944739824,0.004436142351486409
Enrolled,Enrolled,0.4728376423542958,0.39410512586460067,0.13305723178110368
Dropout,Enrolled,0.5618170308823105,0.3386113825337423,0.09957158658394706
Graduate,Graduate,0.05133002371871359,0.0774124486118706,0.8712575276694158
Graduate,Graduate,0.12047220440847554,0.20404571610985614,0.675482079481668
Enrolled,Enrolled,0.6152451726753234,0.34290915214390927,0.0418456751807673
Dropout,Enrolled,0.15746836839174688,0.3141830484734179,0.5283485831348352
Graduate,Graduate,0.040958416284780405,0.08144270983458667,0.8775988738806327
Dropout,Dropout,0.563794832318601,0.24234766453400527,0.19385750314739394
Dropout,Graduate,0.09176569429367876,0.14175621658510323,0.7664780891212178
Graduate,Graduate,0.008082649360506369,0.019800376795516914,0.9721169738439766
Graduate,Enrolled,0.26787403973599166,0.3015567625447097,0.43056919771929847
Dropout,Dropout,0.8875637764375178,0.10292942153015584,0.009506802032326187
Graduate,Enrolled,0.17797724870693798,0.2191064889560114,0.6029162623370502
Dropout,Dropout,0.8387845628588771,0.1537644640553774,0.007450973085745479
Enrolled,Enrolled,0.38359563205878744,0.5164747799938244,0.09992958794738827
Graduate,Graduate,0.03362418081626649,0.049710022935902855,0.9166657962478307
Enrolled,Dropout,0.6795781500955324,0.12645572911583824,0.19396612078862932
Graduate,Enrolled,0.1313830038713121,0.2397174527847461,0.6288995433439419
Dropout,Enrolled,0.398297588156288,0.5466131767988165,0.055089235044895546
Dropout,Dropout,0.6775045788149126,0.2910305730177992,0.03146484816728807
Dropout,Graduate,0.04539421106952636,0.06851202433366911,0.8860937645968044
Dropout,Dropout,0.8886901434368851,0.10203467489449776,0.00927518166861708
Dropout,Dropout,0.9105510461312575,0.07431113001429564,0.0151378238544471
Graduate,Graduate,0.13415910257263475,0.15225815865682588,0.7135827387705393
Enrolled,Enrolled,0.35844969634146445,0.42743336724837605,0.2141169364101595
Enrolled,Enrolled,0.42778991507888225,0.419198312016119,0.1530117729049986
Dropout,Dropout,0.8836508653855835,0.1046628424049318,0.011686292209484798
Graduate,Graduate,0.056035417093609416,0.08046147182336329,0.8635031110830274
Dropout,Dropout,0.8264655998950632,0.1663035705365689,0.007230829568367968
Enrolled,Enrolled,0.1428046826973681,0.25433060005204905,0.602864717250583
Graduate,Enrolled,0.22794250731938195,0.3697663609404154,0.40229113174020276
Dropout,Enrolled,0.23497743794782708,0.4138115344780843,0.35121102757408884
Enrolled,Graduate,0.06137478471708912,0.19798205660652576,0.7406431586763852
Graduate,Graduate,0.07642219935844374,0.14163985820955735,0.7819379424319992
Graduate,Graduate,0.056035417093609416,0.08046147182336329,0.8635031110830274
Dropout,Enrolled,0.2766655302267748,0.4046365825380669,0.3186978872351581
Dropout,Enrolled,0.5340139824181224,0.4391773028050038,0.026808714776874028
Dropout,Dropout,0.9011795764113399,0.088806901791787,0.010013521796873271
Enrolled,Graduate,0.015795622771262213,0.034144135404450396,0.9500602418242875
Graduate,Graduate,0.040958416284780405,0.08144270983458667,0.8775988738806327
Graduate,Graduate,0.03177652293026266,0.07257630945156537,0.8956471676181719
Graduate,Graduate,0.030957196038274605,0.06206558764618494,0.9069772163155405
Dropout,Enrolled,0.3304849768889902,0.23620555083654368,0.4333094722744658
Dropout,Enrolled,0.5405439790177017,0.38947282030857583,0.06998320067372231
Dropout,Enrolled,0.5802035077863016,0.3729509085099541,0.04684558370374435
Dropout,Dropout,0.8886901434368851,0.10203467489449776,0.00927518166861708
Graduate,Enrolled,0.3439203048560064,0.3382169714515546,0.317862723692439
Graduate,Graduate,0.06534424023060496,0.09927748622622098,0.8353782735431742
Dropout,Dropout,0.9166371923406034,0.07034477368447102,0.013018033974925743
Graduate,Graduate,0.03586391201520863,0.06617269889110891,0.8979633890936823
Graduate,Graduate,0.03203580228451898,0.04866737556799649,0.9192968221474844
Dropout,Dropout,0.797374345355565,0.17839017535244453,0.02423547929199064
Dropout,Dropout,0.7839211790119336,0.2135044958406151,0.00257432514745143
Graduate,Graduate,0.05307865521752283,0.09772219975374893,0.8491991450287284
Dropout,Dropout,0.9171903794539782,0.0699775981334387,0.012832022412583612
Enrolled,Enrolled,0.5464500767420202,0.35999708062784797,0.0935528426301317
Graduate,Graduate,0.03673140600932018,0.08979693403830476,0.873471659952375
Graduate,Graduate,0.1284800609716057,0.13135697431247703,0.7401629647159172
Graduate,Graduate,0.022093657020601957,0.031153190003193783,0.9467531529762042
Graduate,Enrolled,0.3088722463109077,0.24502118308904855,0.4461065706000438
Enrolled,Dropout,0.6795781500955324,0.12645572911583824,0.19396612078862932
Dropout,Dropout,0.9294676419673364,0.059545198443906454,0.010987159588756833
Graduate,Graduate,0.03203580228451898,0.04866737556799649,0.9192968221474844
Graduate,Enrolled,0.5998109205791965,0.2992897044929484,0.10089937492785495
Graduate,Graduate,0.11041433736208917,0.18334539999588748,0.7062402626420236
Enrolled,Enrolled,0.1655646165139507,0.29129882142575736,0.5431365620602921
Graduate,Dropout,0.7139808249125768,0.2605657265552765,0.025453448532146896
Dropout,Dropout,0.594533912437498,0.24626947336182614,0.15919661420067585
Dropout,Enrolled,0.3773856230708019,0.30112996838644757,0.3214844085427507
Graduate,Graduate,0.01863368736876994,0.04288058021271667,0.9384857324185133
Graduate,Graduate,0.043099367346476535,0.0966306890720935,0.8602699435814299
Graduate,Enrolled,0.19869864259910563,0.25955528179825155,0.5417460756026423
Enrolled,Graduate,0.07273563137286294,0.204922580927724,0.7223417876994129
