mean_fit_time,std_fit_time,mean_score_time,std_score_time,param_activation,param_alpha,param_batch_size,param_hidden_layer_sizes,param_learning_rate_init,param_solver,params,split0_test_score,split1_test_score,split2_test_score,split3_test_score,split4_test_score,mean_test_score,std_test_score,rank_test_score
0.21106820106506347,0.0375633977758858,0.0043677806854248045,0.0004020090019792246,relu,0.0001,32,"(50,)",0.001,adam,"{'activation': 'relu', 'alpha': 0.0001, 'batch_size': 32, 'hidden_layer_sizes': (50,), 'learning_rate_init': 0.001, 'solver': 'adam'}",0.6291867308721241,0.5925767275092612,0.6086288173806108,0.6311305829378119,0.46900244656788076,0.5861050610535378,0.06024209870261965,91
0.158950138092041,0.04540221552865473,0.004138326644897461,0.00030654905950803525,relu,0.0001,32,"(50,)",0.01,adam,"{'activation': 'relu', 'alpha': 0.0001, 'batch_size': 32, 'hidden_layer_sizes': (50,), 'learning_rate_init': 0.01, 'solver': 'adam'}",0.675768942235559,0.5847818993935712,0.6345697536464513,0.654617210982294,0.541941575827118,0.6183358764169987,0.048662900846054485,44
0.24108448028564453,0.11113260106645505,0.004198217391967773,0.0002765277557197161,relu,0.0001,32,"(100,)",0.001,adam,"{'activation': 'relu', 'alpha': 0.0001, 'batch_size': 32, 'hidden_layer_sizes': (100,), 'learning_rate_init': 0.001, 'solver': 'adam'}",0.6733766233766234,0.5388418079096046,0.6254693666154374,0.6503478125179655,0.5494219492648401,0.6074915119368942,0.054010313162805426,69
0.17521219253540038,0.037895829801033405,0.0043447017669677734,8.143633220961871e-05,relu,0.0001,32,"(100,)",0.01,adam,"{'activation': 'relu', 'alpha': 0.0001, 'batch_size': 32, 'hidden_layer_sizes': (100,), 'learning_rate_init': 0.01, 'solver': 'adam'}",0.6523809523809524,0.6545085169557744,0.6275330949243992,0.6368190532163497,0.47727272727272724,0.6097028689500406,0.06696254435232281,66
0.3172579765319824,0.06207994906741217,0.004481840133666992,0.00022769223456492514,relu,0.0001,32,"(50, 50)",0.001,adam,"{'activation': 'relu', 'alpha': 0.0001, 'batch_size': 32, 'hidden_layer_sizes': (50, 50), 'learning_rate_init': 0.001, 'solver': 'adam'}",0.6464576074332172,0.5890243902439024,0.6302097804076463,0.6077497665732959,0.5920080433969322,0.6130899176109988,0.022174781474402324,56
0.20671825408935546,0.047388089701258664,0.0044667720794677734,0.00011062591240280863,relu,0.0001,32,"(50, 50)",0.01,adam,"{'activation': 'relu', 'alpha': 0.0001, 'batch_size': 32, 'hidden_layer_sizes': (50, 50), 'learning_rate_init': 0.01, 'solver': 'adam'}",0.649970605526161,0.5883378475140874,0.6509302663148816,0.619220309604925,0.5462261503928171,0.6109370358705745,0.03972382831217198,63
0.30619306564331056,0.07576542219010163,0.0044098377227783205,5.874498322398834e-05,relu,0.0001,32,"(100, 50)",0.001,adam,"{'activation': 'relu', 'alpha': 0.0001, 'batch_size': 32, 'hidden_layer_sizes': (100, 50), 'learning_rate_init': 0.001, 'solver': 'adam'}",0.6650488709133805,0.5519666953775481,0.6310088840209321,0.6020131031305392,0.4928104575163399,0.5885696021917479,0.06056481731183315,87
0.29198174476623534,0.0823117814376993,0.004431247711181641,6.63980975235107e-05,relu,0.0001,32,"(100, 50)",0.01,adam,"{'activation': 'relu', 'alpha': 0.0001, 'batch_size': 32, 'hidden_layer_sizes': (100, 50), 'learning_rate_init': 0.01, 'solver': 'adam'}",0.6888127051101735,0.6174025974025974,0.624150355438699,0.6561507936507937,0.6350987253839168,0.644323035397236,0.025830065699589032,10
0.14173178672790526,0.03943582613178146,0.004244184494018555,0.00015453619178724414,relu,0.0001,64,"(50,)",0.001,adam,"{'activation': 'relu', 'alpha': 0.0001, 'batch_size': 64, 'hidden_layer_sizes': (50,), 'learning_rate_init': 0.001, 'solver': 'adam'}",0.6425296925296925,0.5726378356220536,0.5002929907595223,0.6050135501355013,0.46900244656788076,0.55789530312293,0.06452971047883148,127
0.09383244514465332,0.02661714122186694,0.004114675521850586,4.080689824555491e-05,relu,0.0001,64,"(50,)",0.01,adam,"{'activation': 'relu', 'alpha': 0.0001, 'batch_size': 64, 'hidden_layer_sizes': (50,), 'learning_rate_init': 0.01, 'solver': 'adam'}",0.6410338359453177,0.5792855268205036,0.6101121689668879,0.6184260852935551,0.5055315865165386,0.5908778407085606,0.047037971613031616,83
0.10620617866516113,0.041131863235976104,0.004144477844238281,7.470235077526183e-05,relu,0.0001,64,"(100,)",0.001,adam,"{'activation': 'relu', 'alpha': 0.0001, 'batch_size': 64, 'hidden_layer_sizes': (100,), 'learning_rate_init': 0.001, 'solver': 'adam'}",0.613204698493221,0.5567760273642627,0.6059525199202757,0.580509700451897,0.517124365679279,0.5747134623817871,0.035012300647239064,104
0.1459892749786377,0.04026231177811525,0.004149627685546875,5.711215418821026e-05,relu,0.0001,64,"(100,)",0.01,adam,"{'activation': 'relu', 'alpha': 0.0001, 'batch_size': 64, 'hidden_layer_sizes': (100,), 'learning_rate_init': 0.01, 'solver': 'adam'}",0.6517099567099567,0.6300308341447582,0.6783663874493185,0.6533353425758489,0.6781487598972262,0.6583182561554217,0.01824200504518536,1
0.1927724838256836,0.028404414620635407,0.004244756698608398,7.029514561132269e-05,relu,0.0001,64,"(50, 50)",0.001,adam,"{'activation': 'relu', 'alpha': 0.0001, 'batch_size': 64, 'hidden_layer_sizes': (50, 50), 'learning_rate_init': 0.001, 'solver': 'adam'}",0.6465061120233534,0.5890243902439024,0.5579926543781966,0.5287637698898409,0.4944863215584742,0.5633546496187535,0.052040806771194686,120
0.15794916152954103,0.05544518282086997,0.004151773452758789,0.00011642205524998795,relu,0.0001,64,"(50, 50)",0.01,adam,"{'activation': 'relu', 'alpha': 0.0001, 'batch_size': 64, 'hidden_layer_sizes': (50, 50), 'learning_rate_init': 0.01, 'solver': 'adam'}",0.6503804840681098,0.6151523905821176,0.6688887804930924,0.6124590071042547,0.638751987281399,0.6371265299057947,0.021347128402517367,17
0.20154867172241211,0.07071983746865991,0.004141950607299804,0.0002162216293047341,relu,0.0001,64,"(100, 50)",0.001,adam,"{'activation': 'relu', 'alpha': 0.0001, 'batch_size': 64, 'hidden_layer_sizes': (100, 50), 'learning_rate_init': 0.001, 'solver': 'adam'}",0.5443455737978861,0.5819746221352647,0.6310088840209321,0.6489367035831993,0.4976713240186294,0.5807874215111822,0.055505357067623676,98
0.1871192455291748,0.07576174361415743,0.004177379608154297,0.0002449271359345162,relu,0.0001,64,"(100, 50)",0.01,adam,"{'activation': 'relu', 'alpha': 0.0001, 'batch_size': 64, 'hidden_layer_sizes': (100, 50), 'learning_rate_init': 0.01, 'solver': 'adam'}",0.6490644571517485,0.6164189898857743,0.6113224017421452,0.6148375648375648,0.6162593984962407,0.6215805624226947,0.013863758242589482,37
0.11393876075744629,0.04435555694903693,0.004062271118164063,0.0005249123976057883,relu,0.0001,128,"(50,)",0.001,adam,"{'activation': 'relu', 'alpha': 0.0001, 'batch_size': 128, 'hidden_layer_sizes': (50,), 'learning_rate_init': 0.001, 'solver': 'adam'}",0.6419122561444659,0.5726378356220536,0.5082444673775943,0.5031799476243921,0.4617886178861788,0.537552624930937,0.06309126475849632,142
0.0677682876586914,0.02569915463563595,0.0038522720336914063,0.0002436201874007546,relu,0.0001,128,"(50,)",0.01,adam,"{'activation': 'relu', 'alpha': 0.0001, 'batch_size': 128, 'hidden_layer_sizes': (50,), 'learning_rate_init': 0.01, 'solver': 'adam'}",0.6353630542467078,0.5967175142587436,0.6263198963411578,0.5054055939178349,0.47830817353461175,0.5684228464598112,0.06438241440598957,114
0.0939786434173584,0.05167419622282827,0.004157495498657226,0.00048816592467629537,relu,0.0001,128,"(100,)",0.001,adam,"{'activation': 'relu', 'alpha': 0.0001, 'batch_size': 128, 'hidden_layer_sizes': (100,), 'learning_rate_init': 0.001, 'solver': 'adam'}",0.6113203218586779,0.5607842048520014,0.612390698822368,0.5672486772486772,0.5349630536289043,0.5773413912821257,0.030182605863211812,101
0.09468493461608887,0.027297303711447538,0.003938102722167968,0.00027922863345149446,relu,0.0001,128,"(100,)",0.01,adam,"{'activation': 'relu', 'alpha': 0.0001, 'batch_size': 128, 'hidden_layer_sizes': (100,), 'learning_rate_init': 0.01, 'solver': 'adam'}",0.6735273496029869,0.6491105709235497,0.6789238635794406,0.6685506163523872,0.5937574235255174,0.6527739647967763,0.03117625865897958,4
0.07158017158508301,0.00011389512805216794,0.0038671970367431642,0.00023520939112370613,relu,0.0001,128,"(50, 50)",0.001,adam,"{'activation': 'relu', 'alpha': 0.0001, 'batch_size': 128, 'hidden_layer_sizes': (50, 50), 'learning_rate_init': 0.001, 'solver': 'adam'}",0.5682089909134386,0.5680823680823681,0.6189427103611346,0.591942395854096,0.5164887794198139,0.5727330489261703,0.033793033615964585,107
0.1110982894897461,0.016523065249107547,0.004045343399047852,0.00025116496461483897,relu,0.0001,128,"(50, 50)",0.01,adam,"{'activation': 'relu', 'alpha': 0.0001, 'batch_size': 128, 'hidden_layer_sizes': (50, 50), 'learning_rate_init': 0.01, 'solver': 'adam'}",0.6591068202936687,0.6606437041219649,0.6185107376283847,0.6561297921358494,0.5411772216547498,0.6271136551669235,0.04571398866281805,32
0.11984291076660156,0.061633946545762146,0.004210853576660156,0.00010989845891540824,relu,0.0001,128,"(100, 50)",0.001,adam,"{'activation': 'relu', 'alpha': 0.0001, 'batch_size': 128, 'hidden_layer_sizes': (100, 50), 'learning_rate_init': 0.001, 'solver': 'adam'}",0.5443455737978861,0.5136532982686829,0.6310088840209321,0.5272699066994658,0.4976713240186294,0.5427897973611192,0.04671296803604533,136
0.13256936073303222,0.03223626426991462,0.004465532302856445,0.0004090365564887054,relu,0.0001,128,"(100, 50)",0.01,adam,"{'activation': 'relu', 'alpha': 0.0001, 'batch_size': 128, 'hidden_layer_sizes': (100, 50), 'learning_rate_init': 0.01, 'solver': 'adam'}",0.689108187134503,0.5988851727982163,0.6310088840209321,0.6378956109643567,0.626291016675632,0.636637774318728,0.02938953927968608,18
0.22029623985290528,0.042619280784896164,0.004973316192626953,0.0010760880152181577,relu,0.001,32,"(50,)",0.001,adam,"{'activation': 'relu', 'alpha': 0.001, 'batch_size': 32, 'hidden_layer_sizes': (50,), 'learning_rate_init': 0.001, 'solver': 'adam'}",0.6291867308721241,0.5925767275092612,0.6086288173806108,0.6311305829378119,0.46900244656788076,0.5861050610535378,0.06024209870261965,91
0.19178590774536133,0.07133892671559333,0.003963088989257813,0.00016681728007465884,relu,0.001,32,"(50,)",0.01,adam,"{'activation': 'relu', 'alpha': 0.001, 'batch_size': 32, 'hidden_layer_sizes': (50,), 'learning_rate_init': 0.01, 'solver': 'adam'}",0.675768942235559,0.6028807019771322,0.6350171670684491,0.654617210982294,0.541941575827118,0.6220451196181104,0.046689007055012235,36
0.24891119003295897,0.11228830843522043,0.004464197158813477,0.0005500654322654236,relu,0.001,32,"(100,)",0.001,adam,"{'activation': 'relu', 'alpha': 0.001, 'batch_size': 32, 'hidden_layer_sizes': (100,), 'learning_rate_init': 0.001, 'solver': 'adam'}",0.6733766233766234,0.5388418079096046,0.6254693666154374,0.6503478125179655,0.5494219492648401,0.6074915119368942,0.054010313162805426,69
0.18942298889160156,0.06464148956873939,0.004156732559204101,0.00011152787911627745,relu,0.001,32,"(100,)",0.01,adam,"{'activation': 'relu', 'alpha': 0.001, 'batch_size': 32, 'hidden_layer_sizes': (100,), 'learning_rate_init': 0.01, 'solver': 'adam'}",0.6517099567099567,0.6545085169557744,0.6275330949243992,0.6368190532163497,0.47727272727272724,0.6095686698158413,0.06687749741187887,67
0.32204651832580566,0.07272594308545906,0.00477132797241211,0.0011840633489637953,relu,0.001,32,"(50, 50)",0.001,adam,"{'activation': 'relu', 'alpha': 0.001, 'batch_size': 32, 'hidden_layer_sizes': (50, 50), 'learning_rate_init': 0.001, 'solver': 'adam'}",0.6464576074332172,0.5964285714285714,0.6302097804076463,0.6077497665732959,0.5920080433969322,0.6145707538479326,0.02071758256427918,50
0.22010421752929688,0.03239223913681076,0.005820417404174804,0.003231104024272955,relu,0.001,32,"(50, 50)",0.01,adam,"{'activation': 'relu', 'alpha': 0.001, 'batch_size': 32, 'hidden_layer_sizes': (50, 50), 'learning_rate_init': 0.01, 'solver': 'adam'}",0.649970605526161,0.6459414981154111,0.6324117477963632,0.6790001936996233,0.5458588950192188,0.6306365880313555,0.045027749850636706,28
0.38125882148742674,0.18276771369117006,0.004138755798339844,0.0002664032232734742,relu,0.001,32,"(100, 50)",0.001,adam,"{'activation': 'relu', 'alpha': 0.001, 'batch_size': 32, 'hidden_layer_sizes': (100, 50), 'learning_rate_init': 0.001, 'solver': 'adam'}",0.6643406691715871,0.5519666953775481,0.6275536429382583,0.67878623434179,0.4928104575163399,0.6030915398691047,0.07050560821292788,74
0.2847159385681152,0.06200154482527021,0.005022954940795898,0.0016496521583345008,relu,0.001,32,"(100, 50)",0.01,adam,"{'activation': 'relu', 'alpha': 0.001, 'batch_size': 32, 'hidden_layer_sizes': (100, 50), 'learning_rate_init': 0.01, 'solver': 'adam'}",0.6726705692033154,0.6225301046192487,0.6295845929528859,0.6427979122969611,0.6212516733601071,0.6377669704865037,0.019054868152873484,16
0.15733780860900878,0.052882672528827675,0.0070838451385498045,0.0051619633408590895,relu,0.001,64,"(50,)",0.001,adam,"{'activation': 'relu', 'alpha': 0.001, 'batch_size': 64, 'hidden_layer_sizes': (50,), 'learning_rate_init': 0.001, 'solver': 'adam'}",0.6425296925296925,0.5726378356220536,0.5002929907595223,0.6050135501355013,0.46900244656788076,0.55789530312293,0.06452971047883148,127
0.09733185768127442,0.02707268683900544,0.003923559188842773,0.0004209022337179184,relu,0.001,64,"(50,)",0.01,adam,"{'activation': 'relu', 'alpha': 0.001, 'batch_size': 64, 'hidden_layer_sizes': (50,), 'learning_rate_init': 0.01, 'solver': 'adam'}",0.6410338359453177,0.5792855268205036,0.6101121689668879,0.6184260852935551,0.5055315865165386,0.5908778407085606,0.047037971613031616,83
0.13022303581237793,0.08518162062559236,0.004107904434204101,0.0001815315616825845,relu,0.001,64,"(100,)",0.001,adam,"{'activation': 'relu', 'alpha': 0.001, 'batch_size': 64, 'hidden_layer_sizes': (100,), 'learning_rate_init': 0.001, 'solver': 'adam'}",0.613204698493221,0.5567760273642627,0.6059525199202757,0.580509700451897,0.517124365679279,0.5747134623817871,0.035012300647239064,104
0.15922298431396484,0.03780859788925838,0.00395817756652832,0.00037114580924100995,relu,0.001,64,"(100,)",0.01,adam,"{'activation': 'relu', 'alpha': 0.001, 'batch_size': 64, 'hidden_layer_sizes': (100,), 'learning_rate_init': 0.01, 'solver': 'adam'}",0.6517099567099567,0.6300308341447582,0.6783663874493185,0.6533353425758489,0.6781487598972262,0.6583182561554217,0.01824200504518536,1
0.2447685718536377,0.06974617650940172,0.004258871078491211,0.00016874936244209345,relu,0.001,64,"(50, 50)",0.001,adam,"{'activation': 'relu', 'alpha': 0.001, 'batch_size': 64, 'hidden_layer_sizes': (50, 50), 'learning_rate_init': 0.001, 'solver': 'adam'}",0.6465061120233534,0.5890243902439024,0.6463394413416859,0.5287637698898409,0.4944863215584742,0.5810240070114514,0.06138065095446348,97
0.15119242668151855,0.03726660844565561,0.0037880420684814455,0.000405503323025327,relu,0.001,64,"(50, 50)",0.01,adam,"{'activation': 'relu', 'alpha': 0.001, 'batch_size': 64, 'hidden_layer_sizes': (50, 50), 'learning_rate_init': 0.01, 'solver': 'adam'}",0.6550887309923454,0.6256387716830755,0.6437531430837989,0.6479829545817876,0.5503413767302656,0.6245609954142546,0.03836295802521847,35
0.21962170600891112,0.06613502291123376,0.004236173629760742,0.00028603876521165306,relu,0.001,64,"(100, 50)",0.001,adam,"{'activation': 'relu', 'alpha': 0.001, 'batch_size': 64, 'hidden_layer_sizes': (100, 50), 'learning_rate_init': 0.001, 'solver': 'adam'}",0.5443455737978861,0.5819746221352647,0.6310088840209321,0.6489367035831993,0.4976713240186294,0.5807874215111822,0.055505357067623676,98
0.16377658843994142,0.02684975799726764,0.004150009155273438,7.485091961301862e-05,relu,0.001,64,"(100, 50)",0.01,adam,"{'activation': 'relu', 'alpha': 0.001, 'batch_size': 64, 'hidden_layer_sizes': (100, 50), 'learning_rate_init': 0.01, 'solver': 'adam'}",0.6173160173160174,0.6014636653760673,0.6113224017421452,0.6148375648375648,0.5880601298747892,0.6065999558293168,0.010724740532091432,71
0.12575511932373046,0.06365346978731636,0.0037240505218505858,0.000410866188807551,relu,0.001,128,"(50,)",0.001,adam,"{'activation': 'relu', 'alpha': 0.001, 'batch_size': 128, 'hidden_layer_sizes': (50,), 'learning_rate_init': 0.001, 'solver': 'adam'}",0.6419122561444659,0.5726378356220536,0.5082444673775943,0.5031799476243921,0.4617886178861788,0.537552624930937,0.06309126475849632,142
0.07187237739562988,0.03610599672581474,0.003772401809692383,0.00033984832240982146,relu,0.001,128,"(50,)",0.01,adam,"{'activation': 'relu', 'alpha': 0.001, 'batch_size': 128, 'hidden_layer_sizes': (50,), 'learning_rate_init': 0.01, 'solver': 'adam'}",0.6353630542467078,0.5967175142587436,0.6197184721670038,0.5054055939178349,0.47830817353461175,0.5671025616249804,0.06323912316790407,116
0.1178431510925293,0.10045619858107657,0.005786371231079101,0.0037057720060350244,relu,0.001,128,"(100,)",0.001,adam,"{'activation': 'relu', 'alpha': 0.001, 'batch_size': 128, 'hidden_layer_sizes': (100,), 'learning_rate_init': 0.001, 'solver': 'adam'}",0.6113203218586779,0.5607842048520014,0.612390698822368,0.5672486772486772,0.5349630536289043,0.5773413912821257,0.030182605863211812,101
0.10613279342651367,0.043228703918691484,0.0038370609283447264,0.0003420603377478699,relu,0.001,128,"(100,)",0.01,adam,"{'activation': 'relu', 'alpha': 0.001, 'batch_size': 128, 'hidden_layer_sizes': (100,), 'learning_rate_init': 0.01, 'solver': 'adam'}",0.6735273496029869,0.6491105709235497,0.6789238635794406,0.6685506163523872,0.5937574235255174,0.6527739647967763,0.03117625865897958,4
0.08054957389831544,0.01068567464622626,0.004171180725097656,9.495639436581553e-05,relu,0.001,128,"(50, 50)",0.001,adam,"{'activation': 'relu', 'alpha': 0.001, 'batch_size': 128, 'hidden_layer_sizes': (50, 50), 'learning_rate_init': 0.001, 'solver': 'adam'}",0.5682089909134386,0.5680823680823681,0.6189427103611346,0.591942395854096,0.5164887794198139,0.5727330489261703,0.033793033615964585,107
0.11785082817077637,0.0300688043282091,0.0038743019104003906,0.0003530809957351375,relu,0.001,128,"(50, 50)",0.01,adam,"{'activation': 'relu', 'alpha': 0.001, 'batch_size': 128, 'hidden_layer_sizes': (50, 50), 'learning_rate_init': 0.01, 'solver': 'adam'}",0.6519178495922682,0.6888474810213939,0.6071328109302793,0.6561297921358494,0.5499741213566675,0.6308004110072917,0.04806252280115991,27
0.1230506420135498,0.06343463439337338,0.004185104370117187,0.00011044485335736048,relu,0.001,128,"(100, 50)",0.001,adam,"{'activation': 'relu', 'alpha': 0.001, 'batch_size': 128, 'hidden_layer_sizes': (100, 50), 'learning_rate_init': 0.001, 'solver': 'adam'}",0.5443455737978861,0.5136532982686829,0.6310088840209321,0.5272699066994658,0.4976713240186294,0.5427897973611192,0.04671296803604533,136
0.1285149097442627,0.024708235168600334,0.004376077651977539,0.00033732144745458203,relu,0.001,128,"(100, 50)",0.01,adam,"{'activation': 'relu', 'alpha': 0.001, 'batch_size': 128, 'hidden_layer_sizes': (100, 50), 'learning_rate_init': 0.01, 'solver': 'adam'}",0.6805527468823728,0.6269858965511139,0.6310088840209321,0.6378956109643567,0.601708735110607,0.6356303747058765,0.025573085964822207,21
0.21778664588928223,0.0352462040375558,0.0049896717071533205,0.0011965721225646645,relu,0.01,32,"(50,)",0.001,adam,"{'activation': 'relu', 'alpha': 0.01, 'batch_size': 32, 'hidden_layer_sizes': (50,), 'learning_rate_init': 0.001, 'solver': 'adam'}",0.6291867308721241,0.5925767275092612,0.6086288173806108,0.6311305829378119,0.46900244656788076,0.5861050610535378,0.06024209870261965,91
0.1686318874359131,0.03682988494035719,0.004512357711791992,0.001163753839456595,relu,0.01,32,"(50,)",0.01,adam,"{'activation': 'relu', 'alpha': 0.01, 'batch_size': 32, 'hidden_layer_sizes': (50,), 'learning_rate_init': 0.01, 'solver': 'adam'}",0.6934415901668852,0.5847818993935712,0.6514724608620998,0.654617210982294,0.541941575827118,0.6252509474463935,0.05436562186603582,33
0.26605944633483886,0.12195358420030687,0.0074404716491699215,0.006623658611920244,relu,0.01,32,"(100,)",0.001,adam,"{'activation': 'relu', 'alpha': 0.01, 'batch_size': 32, 'hidden_layer_sizes': (100,), 'learning_rate_init': 0.001, 'solver': 'adam'}",0.6807840307840308,0.5388418079096046,0.6254693666154374,0.6503478125179655,0.5494219492648401,0.6089729934183757,0.055866879476759834,68
0.18876161575317382,0.05430593857482125,0.004154491424560547,6.0461635454936056e-05,relu,0.01,32,"(100,)",0.01,adam,"{'activation': 'relu', 'alpha': 0.01, 'batch_size': 32, 'hidden_layer_sizes': (100,), 'learning_rate_init': 0.01, 'solver': 'adam'}",0.6485252152872133,0.6393761636120389,0.6275330949243992,0.6355049177135066,0.47727272727272724,0.605642423761977,0.06453936476129445,72
0.35655937194824217,0.0934783489576093,0.004290437698364258,0.00017932320869507677,relu,0.01,32,"(50, 50)",0.001,adam,"{'activation': 'relu', 'alpha': 0.01, 'batch_size': 32, 'hidden_layer_sizes': (50, 50), 'learning_rate_init': 0.001, 'solver': 'adam'}",0.6464576074332172,0.5890243902439024,0.6302097804076463,0.6077497665732959,0.5920080433969322,0.6130899176109988,0.022174781474402324,56
0.2533872127532959,0.08278784479307108,0.004181575775146484,3.5444881171207956e-05,relu,0.01,32,"(50, 50)",0.01,adam,"{'activation': 'relu', 'alpha': 0.01, 'batch_size': 32, 'hidden_layer_sizes': (50, 50), 'learning_rate_init': 0.01, 'solver': 'adam'}",0.649970605526161,0.609215335562641,0.6509302663148816,0.6422634561273842,0.5710876323903143,0.6246934591842763,0.030819363865236853,34
0.3031145572662354,0.06490255902086513,0.0067138195037841795,0.005136640075869905,relu,0.01,32,"(100, 50)",0.001,adam,"{'activation': 'relu', 'alpha': 0.01, 'batch_size': 32, 'hidden_layer_sizes': (100, 50), 'learning_rate_init': 0.001, 'solver': 'adam'}",0.6543239369326326,0.5711279907358339,0.6275536429382583,0.6020131031305392,0.4928104575163399,0.5895658262507208,0.055665387764569814,86
0.261381196975708,0.055757420566750183,0.0039994239807128905,0.0003628484639907095,relu,0.01,32,"(100, 50)",0.01,adam,"{'activation': 'relu', 'alpha': 0.01, 'batch_size': 32, 'hidden_layer_sizes': (100, 50), 'learning_rate_init': 0.01, 'solver': 'adam'}",0.6656882212437768,0.6316781983448649,0.622692533803645,0.635786526741459,0.6583465086459098,0.6428383977559311,0.016387499546209706,11
0.14237394332885742,0.0407031184333441,0.0040473461151123045,6.435719048265651e-05,relu,0.01,64,"(50,)",0.001,adam,"{'activation': 'relu', 'alpha': 0.01, 'batch_size': 64, 'hidden_layer_sizes': (50,), 'learning_rate_init': 0.001, 'solver': 'adam'}",0.6425296925296925,0.5726378356220536,0.5002929907595223,0.6050135501355013,0.46900244656788076,0.55789530312293,0.06452971047883148,127
0.10592522621154785,0.03932063642571087,0.0037395000457763673,0.0005046920395551962,relu,0.01,64,"(50,)",0.01,adam,"{'activation': 'relu', 'alpha': 0.01, 'batch_size': 64, 'hidden_layer_sizes': (50,), 'learning_rate_init': 0.01, 'solver': 'adam'}",0.6410338359453177,0.5792855268205036,0.6101121689668879,0.6184260852935551,0.5055315865165386,0.5908778407085606,0.047037971613031616,83
0.10844244956970214,0.04719211867509184,0.006113243103027344,0.00410592426078465,relu,0.01,64,"(100,)",0.001,adam,"{'activation': 'relu', 'alpha': 0.01, 'batch_size': 64, 'hidden_layer_sizes': (100,), 'learning_rate_init': 0.001, 'solver': 'adam'}",0.613204698493221,0.5567760273642627,0.6059525199202757,0.580509700451897,0.517124365679279,0.5747134623817871,0.035012300647239064,104
0.14104838371276857,0.058737213097707276,0.00407705307006836,6.24779696399243e-05,relu,0.01,64,"(100,)",0.01,adam,"{'activation': 'relu', 'alpha': 0.01, 'batch_size': 64, 'hidden_layer_sizes': (100,), 'learning_rate_init': 0.01, 'solver': 'adam'}",0.6386822470923853,0.6300308341447582,0.648887799831196,0.6533353425758489,0.6781487598972262,0.649816996708283,0.01631812396002388,7
0.19580273628234862,0.019937815681155834,0.003963375091552734,0.00038645116203958553,relu,0.01,64,"(50, 50)",0.001,adam,"{'activation': 'relu', 'alpha': 0.01, 'batch_size': 64, 'hidden_layer_sizes': (50, 50), 'learning_rate_init': 0.001, 'solver': 'adam'}",0.6465061120233534,0.5890243902439024,0.5796057794395975,0.5287637698898409,0.4944863215584742,0.5676772746310337,0.052312810361314625,115
0.1720116138458252,0.03543875653690229,0.0038397789001464845,0.0003939503647210818,relu,0.01,64,"(50, 50)",0.01,adam,"{'activation': 'relu', 'alpha': 0.01, 'batch_size': 64, 'hidden_layer_sizes': (50, 50), 'learning_rate_init': 0.01, 'solver': 'adam'}",0.6550887309923454,0.6459414981154111,0.6336370858844899,0.6643649465735355,0.5499741213566675,0.6298012765844899,0.04118664232335786,29
0.22492618560791017,0.057052794164202655,0.00420985221862793,5.6437177795310594e-05,relu,0.01,64,"(100, 50)",0.001,adam,"{'activation': 'relu', 'alpha': 0.01, 'batch_size': 64, 'hidden_layer_sizes': (100, 50), 'learning_rate_init': 0.001, 'solver': 'adam'}",0.5443455737978861,0.5819746221352647,0.6310088840209321,0.6489367035831993,0.4976713240186294,0.5807874215111822,0.055505357067623676,98
0.17875008583068847,0.03026511955633435,0.004034996032714844,0.00043508423743274374,relu,0.01,64,"(100, 50)",0.01,adam,"{'activation': 'relu', 'alpha': 0.01, 'batch_size': 64, 'hidden_layer_sizes': (100, 50), 'learning_rate_init': 0.01, 'solver': 'adam'}",0.6447482057238155,0.6102272727272727,0.6113224017421452,0.6316859221223791,0.5928001171903611,0.6181567839011948,0.01812560492338974,45
0.12903671264648436,0.03629767863354494,0.003793001174926758,0.0002292223721647655,relu,0.01,128,"(50,)",0.001,adam,"{'activation': 'relu', 'alpha': 0.01, 'batch_size': 128, 'hidden_layer_sizes': (50,), 'learning_rate_init': 0.001, 'solver': 'adam'}",0.6419122561444659,0.5726378356220536,0.5082444673775943,0.5031799476243921,0.4617886178861788,0.537552624930937,0.06309126475849632,142
0.06800322532653809,0.026359222311980856,0.004065322875976563,4.3894770568775295e-05,relu,0.01,128,"(50,)",0.01,adam,"{'activation': 'relu', 'alpha': 0.01, 'batch_size': 128, 'hidden_layer_sizes': (50,), 'learning_rate_init': 0.01, 'solver': 'adam'}",0.6425879974267071,0.5967175142587436,0.6197184721670038,0.5054055939178349,0.47830817353461175,0.5685475502609803,0.0648445058577079,113
0.09840326309204102,0.06018771936300378,0.004127597808837891,0.000140755480054344,relu,0.01,128,"(100,)",0.001,adam,"{'activation': 'relu', 'alpha': 0.01, 'batch_size': 128, 'hidden_layer_sizes': (100,), 'learning_rate_init': 0.001, 'solver': 'adam'}",0.6113203218586779,0.5607842048520014,0.612390698822368,0.5672486772486772,0.5349630536289043,0.5773413912821257,0.030182605863211812,101
0.10073027610778809,0.03507222902665273,0.003902721405029297,0.0003935519205794347,relu,0.01,128,"(100,)",0.01,adam,"{'activation': 'relu', 'alpha': 0.01, 'batch_size': 128, 'hidden_layer_sizes': (100,), 'learning_rate_init': 0.01, 'solver': 'adam'}",0.6735273496029869,0.6491105709235497,0.6789238635794406,0.6685506163523872,0.5888270868516596,0.6517878974620048,0.0330490088541848,6
0.08483400344848632,0.019111228167285787,0.00410151481628418,8.483695574363575e-05,relu,0.01,128,"(50, 50)",0.001,adam,"{'activation': 'relu', 'alpha': 0.01, 'batch_size': 128, 'hidden_layer_sizes': (50, 50), 'learning_rate_init': 0.001, 'solver': 'adam'}",0.5682089909134386,0.5680823680823681,0.6189427103611346,0.591942395854096,0.5164887794198139,0.5727330489261703,0.033793033615964585,107
0.10406780242919922,0.01652181433704106,0.0039365291595458984,0.00036850906048355224,relu,0.01,128,"(50, 50)",0.01,adam,"{'activation': 'relu', 'alpha': 0.01, 'batch_size': 128, 'hidden_layer_sizes': (50, 50), 'learning_rate_init': 0.01, 'solver': 'adam'}",0.6591068202936687,0.6888474810213939,0.5866013071895425,0.6561297921358494,0.6408470049701643,0.6463064811221237,0.033658866495419215,8
0.11810646057128907,0.06431337833078418,0.00407862663269043,0.00015368551117307636,relu,0.01,128,"(100, 50)",0.001,adam,"{'activation': 'relu', 'alpha': 0.01, 'batch_size': 128, 'hidden_layer_sizes': (100, 50), 'learning_rate_init': 0.001, 'solver': 'adam'}",0.5443455737978861,0.5136532982686829,0.6310088840209321,0.5272699066994658,0.4976713240186294,0.5427897973611192,0.04671296803604533,136
0.12809305191040038,0.020916172655971198,0.0039653778076171875,0.00041757463325128933,relu,0.01,128,"(100, 50)",0.01,adam,"{'activation': 'relu', 'alpha': 0.01, 'batch_size': 128, 'hidden_layer_sizes': (100, 50), 'learning_rate_init': 0.01, 'solver': 'adam'}",0.6782759133572878,0.6405843552582683,0.6310088840209321,0.6315066261518738,0.6002729535330477,0.6363297464642819,0.025016990211377085,19
0.1851116180419922,0.056344440717833094,0.004012966156005859,0.00019676878164491196,tanh,0.0001,32,"(50,)",0.001,adam,"{'activation': 'tanh', 'alpha': 0.0001, 'batch_size': 32, 'hidden_layer_sizes': (50,), 'learning_rate_init': 0.001, 'solver': 'adam'}",0.6530749889388887,0.5573600933078057,0.5617128690556682,0.5122875092387288,0.46991869918699186,0.5508708319456166,0.061069256713508144,130
0.1730268955230713,0.03703457166041458,0.005513334274291992,0.0031545538021043305,tanh,0.0001,32,"(50,)",0.01,adam,"{'activation': 'tanh', 'alpha': 0.0001, 'batch_size': 32, 'hidden_layer_sizes': (50,), 'learning_rate_init': 0.01, 'solver': 'adam'}",0.6080153101429696,0.5957642031171443,0.6276276276276276,0.6455557244430933,0.6194634909178395,0.6192852712497349,0.01697065733916204,42
0.1849456787109375,0.0540096455612163,0.003966331481933594,0.00039294602090849675,tanh,0.0001,32,"(100,)",0.001,adam,"{'activation': 'tanh', 'alpha': 0.0001, 'batch_size': 32, 'hidden_layer_sizes': (100,), 'learning_rate_init': 0.001, 'solver': 'adam'}",0.6530749889388887,0.5674705713465403,0.6365055407201001,0.5734043679790154,0.5052223731786389,0.5871355684326367,0.053047961079344993,88
0.18263645172119142,0.05532309905173189,0.00479741096496582,0.0007470820880985244,tanh,0.0001,32,"(100,)",0.01,adam,"{'activation': 'tanh', 'alpha': 0.0001, 'batch_size': 32, 'hidden_layer_sizes': (100,), 'learning_rate_init': 0.01, 'solver': 'adam'}",0.6276671205952384,0.5846199647923785,0.6310088840209321,0.6671048558598759,0.647730352303523,0.6316262355143896,0.02736318797281383,23
0.23025965690612793,0.04755069120085425,0.004176044464111328,0.00026869935066531635,tanh,0.0001,32,"(50, 50)",0.001,adam,"{'activation': 'tanh', 'alpha': 0.0001, 'batch_size': 32, 'hidden_layer_sizes': (50, 50), 'learning_rate_init': 0.001, 'solver': 'adam'}",0.6393703518703518,0.5804284676833696,0.6317261537298577,0.6391627114518681,0.5752899364010475,0.613195524227299,0.029028655591560475,51
0.21713156700134278,0.026076024303864423,0.004460430145263672,0.0007098839520825617,tanh,0.0001,32,"(50, 50)",0.01,adam,"{'activation': 'tanh', 'alpha': 0.0001, 'batch_size': 32, 'hidden_layer_sizes': (50, 50), 'learning_rate_init': 0.01, 'solver': 'adam'}",0.6439009019654182,0.6171999531176746,0.6373080397470642,0.6305114638447972,0.6267416527334448,0.6311324022816798,0.009109889879935962,24
0.38227157592773436,0.15410864623628587,0.004573249816894531,0.0004672085078030131,tanh,0.0001,32,"(100, 50)",0.001,adam,"{'activation': 'tanh', 'alpha': 0.0001, 'batch_size': 32, 'hidden_layer_sizes': (100, 50), 'learning_rate_init': 0.001, 'solver': 'adam'}",0.6370986370986371,0.5929194478902081,0.6174603174603175,0.6725872962592998,0.47830817353461175,0.5996747744486148,0.06604330871025782,77
0.3057265281677246,0.05166535013348366,0.004710626602172851,0.0009164483856480813,tanh,0.0001,32,"(100, 50)",0.01,adam,"{'activation': 'tanh', 'alpha': 0.0001, 'batch_size': 32, 'hidden_layer_sizes': (100, 50), 'learning_rate_init': 0.01, 'solver': 'adam'}",0.6847183606219751,0.6392564665491521,0.5680843075823377,0.6497547253953552,0.654966654966655,0.639356103023095,0.038702025390066334,14
0.11993236541748047,0.04504898105975411,0.0041602134704589845,0.0003702450438493672,tanh,0.0001,64,"(50,)",0.001,adam,"{'activation': 'tanh', 'alpha': 0.0001, 'batch_size': 64, 'hidden_layer_sizes': (50,), 'learning_rate_init': 0.001, 'solver': 'adam'}",0.6530749889388887,0.5728590250329381,0.5320855614973262,0.5054055939178349,0.46991869918699186,0.5466687737147959,0.06295094269029332,133
0.10695075988769531,0.03894697786124316,0.004586029052734375,0.00020725623820262766,tanh,0.0001,64,"(50,)",0.01,adam,"{'activation': 'tanh', 'alpha': 0.0001, 'batch_size': 64, 'hidden_layer_sizes': (50,), 'learning_rate_init': 0.01, 'solver': 'adam'}",0.6372461897017153,0.5725971836987829,0.6477431170979558,0.5651003255597634,0.5541285147070739,0.5953630661530582,0.03906986787864174,80
0.1280998706817627,0.03476975982013245,0.004221916198730469,0.00014126987883200236,tanh,0.0001,64,"(100,)",0.001,adam,"{'activation': 'tanh', 'alpha': 0.0001, 'batch_size': 64, 'hidden_layer_sizes': (100,), 'learning_rate_init': 0.001, 'solver': 'adam'}",0.5764783113669646,0.593741027849555,0.6365055407201001,0.6023809523809524,0.5170658767705181,0.585234341817618,0.039290491201014376,94
0.09446983337402344,0.01133087066685133,0.004131460189819336,0.00017258762436784812,tanh,0.0001,64,"(100,)",0.01,adam,"{'activation': 'tanh', 'alpha': 0.0001, 'batch_size': 64, 'hidden_layer_sizes': (100,), 'learning_rate_init': 0.01, 'solver': 'adam'}",0.648887206212047,0.637817122147125,0.626665702788019,0.6272113022113022,0.601708735110607,0.62845801369382,0.015653979625728034,30
0.16239666938781738,0.025969208107704884,0.004258060455322265,0.0001312923815858726,tanh,0.0001,64,"(50, 50)",0.001,adam,"{'activation': 'tanh', 'alpha': 0.0001, 'batch_size': 64, 'hidden_layer_sizes': (50, 50), 'learning_rate_init': 0.001, 'solver': 'adam'}",0.634172578476376,0.5804284676833696,0.6365055407201001,0.6392594186268885,0.5752899364010475,0.6131311883815564,0.028890182251546364,53
0.12797465324401855,0.0174311616930912,0.004646682739257812,0.0006563973532080052,tanh,0.0001,64,"(50, 50)",0.01,adam,"{'activation': 'tanh', 'alpha': 0.0001, 'batch_size': 64, 'hidden_layer_sizes': (50, 50), 'learning_rate_init': 0.01, 'solver': 'adam'}",0.5884711779448621,0.6307909665091833,0.6327964074964519,0.6450430228208006,0.6044398651180217,0.620308287977864,0.02070292349096685,39
0.16644735336303712,0.0726840844019494,0.004187679290771485,0.0001989545315613008,tanh,0.0001,64,"(100, 50)",0.001,adam,"{'activation': 'tanh', 'alpha': 0.0001, 'batch_size': 64, 'hidden_layer_sizes': (100, 50), 'learning_rate_init': 0.001, 'solver': 'adam'}",0.5442019683354729,0.5452668354629139,0.6351088525001568,0.5979255007649831,0.4860601115191079,0.5617126537165269,0.050987779847171996,124
0.19560160636901855,0.031627215912554414,0.004265975952148437,3.3512324450323853e-05,tanh,0.0001,64,"(100, 50)",0.01,adam,"{'activation': 'tanh', 'alpha': 0.0001, 'batch_size': 64, 'hidden_layer_sizes': (100, 50), 'learning_rate_init': 0.01, 'solver': 'adam'}",0.6872909698996655,0.582591904543124,0.6613542835765057,0.658752769863881,0.6217468805704099,0.6423473616907172,0.03645661228651396,12
0.09618139266967773,0.043364111797544104,0.004345560073852539,0.0002764880384145672,tanh,0.0001,128,"(50,)",0.001,adam,"{'activation': 'tanh', 'alpha': 0.0001, 'batch_size': 128, 'hidden_layer_sizes': (50,), 'learning_rate_init': 0.001, 'solver': 'adam'}",0.6324860269984482,0.5728590250329381,0.5580246913580247,0.4875657072814275,0.462682379349046,0.5427235660039769,0.06107135281252034,139
0.05105719566345215,0.008891228617759228,0.00419306755065918,0.0006211555988232502,tanh,0.0001,128,"(50,)",0.01,adam,"{'activation': 'tanh', 'alpha': 0.0001, 'batch_size': 128, 'hidden_layer_sizes': (50,), 'learning_rate_init': 0.01, 'solver': 'adam'}",0.625541929889756,0.5729127335553038,0.5968680797707003,0.532310405643739,0.4980690091801203,0.5651404316079238,0.04536910764273476,117
0.09268426895141602,0.019831511205628212,0.00426325798034668,0.0003570429341683835,tanh,0.0001,128,"(100,)",0.001,adam,"{'activation': 'tanh', 'alpha': 0.0001, 'batch_size': 128, 'hidden_layer_sizes': (100,), 'learning_rate_init': 0.001, 'solver': 'adam'}",0.5492404400209534,0.5949931165376853,0.6047904191616766,0.5488811404100468,0.5170658767705181,0.562994198580176,0.0324610838852285,121
0.06996512413024902,0.00885843228657987,0.004151773452758789,0.00022342049213770076,tanh,0.0001,128,"(100,)",0.01,adam,"{'activation': 'tanh', 'alpha': 0.0001, 'batch_size': 128, 'hidden_layer_sizes': (100,), 'learning_rate_init': 0.01, 'solver': 'adam'}",0.6713120695904312,0.622630862447186,0.6385438233264321,0.6218361218361218,0.5363908611168554,0.6181427476634054,0.04463257963282048,46
0.12411108016967773,0.014023820232373597,0.0039581298828125,0.0002910387460333337,tanh,0.0001,128,"(50, 50)",0.001,adam,"{'activation': 'tanh', 'alpha': 0.0001, 'batch_size': 128, 'hidden_layer_sizes': (50, 50), 'learning_rate_init': 0.001, 'solver': 'adam'}",0.6334671458016339,0.5978038785969478,0.6317261537298577,0.6181263955251747,0.5752899364010475,0.6112827020109324,0.022063899303057,60
0.11634626388549804,0.020875287066520865,0.004042673110961914,0.0002504992384180215,tanh,0.0001,128,"(50, 50)",0.01,adam,"{'activation': 'tanh', 'alpha': 0.0001, 'batch_size': 128, 'hidden_layer_sizes': (50, 50), 'learning_rate_init': 0.01, 'solver': 'adam'}",0.6277620929794843,0.5825805480277025,0.6257189611764429,0.6433423795612868,0.5705038732640101,0.6099815710017853,0.02823494514871211,64
0.12487425804138183,0.031767994527625056,0.004106998443603516,0.00015651557783625278,tanh,0.0001,128,"(100, 50)",0.001,adam,"{'activation': 'tanh', 'alpha': 0.0001, 'batch_size': 128, 'hidden_layer_sizes': (100, 50), 'learning_rate_init': 0.001, 'solver': 'adam'}",0.5338709677419354,0.5794572445515842,0.6351088525001568,0.6122817188977551,0.4860601115191079,0.5693557790421079,0.05378751276685019,110
0.11451148986816406,0.02168654357904456,0.004830074310302734,0.0006404608855232931,tanh,0.0001,128,"(100, 50)",0.01,adam,"{'activation': 'tanh', 'alpha': 0.0001, 'batch_size': 128, 'hidden_layer_sizes': (100, 50), 'learning_rate_init': 0.01, 'solver': 'adam'}",0.654810298102981,0.5552026286966045,0.6533659577137838,0.616723259762309,0.5347204548401193,0.6029645198231595,0.04971125273213363,75
0.16808571815490722,0.052328110809162776,0.004583501815795898,0.0012828835854738479,tanh,0.001,32,"(50,)",0.001,adam,"{'activation': 'tanh', 'alpha': 0.001, 'batch_size': 32, 'hidden_layer_sizes': (50,), 'learning_rate_init': 0.001, 'solver': 'adam'}",0.6530749889388887,0.5573600933078057,0.5617128690556682,0.5122875092387288,0.46991869918699186,0.5508708319456166,0.061069256713508144,130
0.1889713764190674,0.022187463535875137,0.00421600341796875,0.0001640913961065077,tanh,0.001,32,"(50,)",0.01,adam,"{'activation': 'tanh', 'alpha': 0.001, 'batch_size': 32, 'hidden_layer_sizes': (50,), 'learning_rate_init': 0.01, 'solver': 'adam'}",0.6080153101429696,0.5957642031171443,0.6276276276276276,0.6455557244430933,0.6194634909178395,0.6192852712497349,0.01697065733916204,42
0.20183916091918946,0.054137619594334635,0.004586172103881836,0.0010953325610581564,tanh,0.001,32,"(100,)",0.001,adam,"{'activation': 'tanh', 'alpha': 0.001, 'batch_size': 32, 'hidden_layer_sizes': (100,), 'learning_rate_init': 0.001, 'solver': 'adam'}",0.6530749889388887,0.5674705713465403,0.6365055407201001,0.5734043679790154,0.5052223731786389,0.5871355684326367,0.053047961079344993,88
0.17291593551635742,0.05261842357736687,0.004165840148925781,2.2699852824114748e-05,tanh,0.001,32,"(100,)",0.01,adam,"{'activation': 'tanh', 'alpha': 0.001, 'batch_size': 32, 'hidden_layer_sizes': (100,), 'learning_rate_init': 0.01, 'solver': 'adam'}",0.6276671205952384,0.5846199647923785,0.6518759018759018,0.6671048558598759,0.647730352303523,0.6357996390853835,0.02851771960810288,20
0.2326913833618164,0.03927694240380148,0.0042345523834228516,7.853075153348736e-05,tanh,0.001,32,"(50, 50)",0.001,adam,"{'activation': 'tanh', 'alpha': 0.001, 'batch_size': 32, 'hidden_layer_sizes': (50, 50), 'learning_rate_init': 0.001, 'solver': 'adam'}",0.6393703518703518,0.5804284676833696,0.6317261537298577,0.6391627114518681,0.5752899364010475,0.613195524227299,0.029028655591560475,51
0.2195891857147217,0.02756753705050504,0.004012203216552735,0.00030123708081101146,tanh,0.001,32,"(50, 50)",0.01,adam,"{'activation': 'tanh', 'alpha': 0.001, 'batch_size': 32, 'hidden_layer_sizes': (50, 50), 'learning_rate_init': 0.01, 'solver': 'adam'}",0.6439009019654182,0.6171999531176746,0.6373080397470642,0.6305114638447972,0.6267416527334448,0.6311324022816798,0.009109889879935962,24
0.38237571716308594,0.1482077034533142,0.004628324508666992,0.0009876801345432475,tanh,0.001,32,"(100, 50)",0.001,adam,"{'activation': 'tanh', 'alpha': 0.001, 'batch_size': 32, 'hidden_layer_sizes': (100, 50), 'learning_rate_init': 0.001, 'solver': 'adam'}",0.6370986370986371,0.5929194478902081,0.6174603174603175,0.6725872962592998,0.47830817353461175,0.5996747744486148,0.06604330871025782,77
0.2907264709472656,0.06185842274644483,0.004463672637939453,0.00031701413133396547,tanh,0.001,32,"(100, 50)",0.01,adam,"{'activation': 'tanh', 'alpha': 0.001, 'batch_size': 32, 'hidden_layer_sizes': (100, 50), 'learning_rate_init': 0.01, 'solver': 'adam'}",0.6847183606219751,0.6392564665491521,0.5680843075823377,0.6497547253953552,0.654966654966655,0.639356103023095,0.038702025390066334,14
0.12274398803710937,0.053394515753072046,0.004094696044921875,3.845732328622248e-05,tanh,0.001,64,"(50,)",0.001,adam,"{'activation': 'tanh', 'alpha': 0.001, 'batch_size': 64, 'hidden_layer_sizes': (50,), 'learning_rate_init': 0.001, 'solver': 'adam'}",0.6530749889388887,0.5728590250329381,0.5320855614973262,0.5054055939178349,0.46991869918699186,0.5466687737147959,0.06295094269029332,133
0.1050455093383789,0.03720570024737424,0.004050731658935547,0.00011841864653500841,tanh,0.001,64,"(50,)",0.01,adam,"{'activation': 'tanh', 'alpha': 0.001, 'batch_size': 64, 'hidden_layer_sizes': (50,), 'learning_rate_init': 0.01, 'solver': 'adam'}",0.6372461897017153,0.5725971836987829,0.6477431170979558,0.5651003255597634,0.5541285147070739,0.5953630661530582,0.03906986787864174,80
0.12655434608459473,0.037509342902301485,0.00398712158203125,0.00014523847733622318,tanh,0.001,64,"(100,)",0.001,adam,"{'activation': 'tanh', 'alpha': 0.001, 'batch_size': 64, 'hidden_layer_sizes': (100,), 'learning_rate_init': 0.001, 'solver': 'adam'}",0.5764783113669646,0.593741027849555,0.6365055407201001,0.6023809523809524,0.5170658767705181,0.585234341817618,0.039290491201014376,94
0.08978662490844727,0.009112218310533122,0.004341650009155274,0.0009932450062138925,tanh,0.001,64,"(100,)",0.01,adam,"{'activation': 'tanh', 'alpha': 0.001, 'batch_size': 64, 'hidden_layer_sizes': (100,), 'learning_rate_init': 0.01, 'solver': 'adam'}",0.648887206212047,0.637817122147125,0.626665702788019,0.6272113022113022,0.601708735110607,0.62845801369382,0.015653979625728034,30
0.15381741523742676,0.022695687072371885,0.0045258522033691405,0.0006344098496237097,tanh,0.001,64,"(50, 50)",0.001,adam,"{'activation': 'tanh', 'alpha': 0.001, 'batch_size': 64, 'hidden_layer_sizes': (50, 50), 'learning_rate_init': 0.001, 'solver': 'adam'}",0.634172578476376,0.5804284676833696,0.6365055407201001,0.6392594186268885,0.5752899364010475,0.6131311883815564,0.028890182251546364,53
0.12802567481994628,0.024434180499154735,0.004198122024536133,9.307678115323566e-05,tanh,0.001,64,"(50, 50)",0.01,adam,"{'activation': 'tanh', 'alpha': 0.001, 'batch_size': 64, 'hidden_layer_sizes': (50, 50), 'learning_rate_init': 0.01, 'solver': 'adam'}",0.5884711779448621,0.6307909665091833,0.6327964074964519,0.6450430228208006,0.6044398651180217,0.620308287977864,0.02070292349096685,39
0.16504735946655275,0.07262181355134911,0.004193687438964843,0.00018423118111421532,tanh,0.001,64,"(100, 50)",0.001,adam,"{'activation': 'tanh', 'alpha': 0.001, 'batch_size': 64, 'hidden_layer_sizes': (100, 50), 'learning_rate_init': 0.001, 'solver': 'adam'}",0.5442019683354729,0.5452668354629139,0.6351088525001568,0.5979255007649831,0.4860601115191079,0.5617126537165269,0.050987779847171996,124
0.1979748249053955,0.025904626849720835,0.004308176040649414,0.0005717152927431297,tanh,0.001,64,"(100, 50)",0.01,adam,"{'activation': 'tanh', 'alpha': 0.001, 'batch_size': 64, 'hidden_layer_sizes': (100, 50), 'learning_rate_init': 0.01, 'solver': 'adam'}",0.6872909698996655,0.582591904543124,0.6613542835765057,0.658752769863881,0.6217468805704099,0.6423473616907172,0.03645661228651396,12
0.09287304878234863,0.04111021736633952,0.004047918319702149,0.00014395581921140433,tanh,0.001,128,"(50,)",0.001,adam,"{'activation': 'tanh', 'alpha': 0.001, 'batch_size': 128, 'hidden_layer_sizes': (50,), 'learning_rate_init': 0.001, 'solver': 'adam'}",0.6324860269984482,0.5728590250329381,0.5580246913580247,0.4875657072814275,0.462682379349046,0.5427235660039769,0.06107135281252034,139
0.050095129013061526,0.008310268468492548,0.00388946533203125,0.00020313714026873583,tanh,0.001,128,"(50,)",0.01,adam,"{'activation': 'tanh', 'alpha': 0.001, 'batch_size': 128, 'hidden_layer_sizes': (50,), 'learning_rate_init': 0.01, 'solver': 'adam'}",0.625541929889756,0.5729127335553038,0.5968680797707003,0.532310405643739,0.4980690091801203,0.5651404316079238,0.04536910764273476,117
0.08754267692565917,0.019528271290691412,0.004149055480957032,0.000152111770963023,tanh,0.001,128,"(100,)",0.001,adam,"{'activation': 'tanh', 'alpha': 0.001, 'batch_size': 128, 'hidden_layer_sizes': (100,), 'learning_rate_init': 0.001, 'solver': 'adam'}",0.5492404400209534,0.5949931165376853,0.6047904191616766,0.5488811404100468,0.5170658767705181,0.562994198580176,0.0324610838852285,121
0.06647663116455078,0.008750735302503915,0.004073476791381836,8.537031260048821e-05,tanh,0.001,128,"(100,)",0.01,adam,"{'activation': 'tanh', 'alpha': 0.001, 'batch_size': 128, 'hidden_layer_sizes': (100,), 'learning_rate_init': 0.01, 'solver': 'adam'}",0.6713120695904312,0.622630862447186,0.6385438233264321,0.6218361218361218,0.5363908611168554,0.6181427476634054,0.04463257963282048,46
0.11745738983154297,0.009664781548764111,0.004059362411499024,0.00021167291819028524,tanh,0.001,128,"(50, 50)",0.001,adam,"{'activation': 'tanh', 'alpha': 0.001, 'batch_size': 128, 'hidden_layer_sizes': (50, 50), 'learning_rate_init': 0.001, 'solver': 'adam'}",0.6334671458016339,0.5978038785969478,0.6317261537298577,0.6181263955251747,0.5752899364010475,0.6112827020109324,0.022063899303057,60
0.10359492301940917,0.01010652005266566,0.004232645034790039,0.00022656916443026815,tanh,0.001,128,"(50, 50)",0.01,adam,"{'activation': 'tanh', 'alpha': 0.001, 'batch_size': 128, 'hidden_layer_sizes': (50, 50), 'learning_rate_init': 0.01, 'solver': 'adam'}",0.6277620929794843,0.5825805480277025,0.6257189611764429,0.6433423795612868,0.5705038732640101,0.6099815710017853,0.02823494514871211,64
0.11128072738647461,0.03497104272542578,0.004244470596313476,6.418564689848073e-05,tanh,0.001,128,"(100, 50)",0.001,adam,"{'activation': 'tanh', 'alpha': 0.001, 'batch_size': 128, 'hidden_layer_sizes': (100, 50), 'learning_rate_init': 0.001, 'solver': 'adam'}",0.5338709677419354,0.5794572445515842,0.6351088525001568,0.6122817188977551,0.4860601115191079,0.5693557790421079,0.05378751276685019,110
0.10859384536743164,0.02223431867404362,0.004216241836547852,4.002320125183126e-05,tanh,0.001,128,"(100, 50)",0.01,adam,"{'activation': 'tanh', 'alpha': 0.001, 'batch_size': 128, 'hidden_layer_sizes': (100, 50), 'learning_rate_init': 0.01, 'solver': 'adam'}",0.654810298102981,0.5552026286966045,0.6533659577137838,0.616723259762309,0.5347204548401193,0.6029645198231595,0.04971125273213363,75
0.15432777404785156,0.043145296337597665,0.004092168807983398,4.6410587798349414e-05,tanh,0.01,32,"(50,)",0.001,adam,"{'activation': 'tanh', 'alpha': 0.01, 'batch_size': 32, 'hidden_layer_sizes': (50,), 'learning_rate_init': 0.001, 'solver': 'adam'}",0.6530749889388887,0.5573600933078057,0.5617128690556682,0.5122875092387288,0.46991869918699186,0.5508708319456166,0.061069256713508144,130
0.17616057395935059,0.023570954931249413,0.004096555709838867,7.564257680283849e-05,tanh,0.01,32,"(50,)",0.01,adam,"{'activation': 'tanh', 'alpha': 0.01, 'batch_size': 32, 'hidden_layer_sizes': (50,), 'learning_rate_init': 0.01, 'solver': 'adam'}",0.5953260761010686,0.5957642031171443,0.6276276276276276,0.6403774856757668,0.6194634909178395,0.6157117766878893,0.017764810963991264,49
0.18800487518310546,0.0436813876808104,0.004449987411499023,0.0005816406139359627,tanh,0.01,32,"(100,)",0.001,adam,"{'activation': 'tanh', 'alpha': 0.01, 'batch_size': 32, 'hidden_layer_sizes': (100,), 'learning_rate_init': 0.001, 'solver': 'adam'}",0.6530749889388887,0.5674705713465403,0.6365055407201001,0.5734043679790154,0.5052223731786389,0.5871355684326367,0.053047961079344993,88
0.17330594062805177,0.0533774831550944,0.004328155517578125,0.000342968207979592,tanh,0.01,32,"(100,)",0.01,adam,"{'activation': 'tanh', 'alpha': 0.01, 'batch_size': 32, 'hidden_layer_sizes': (100,), 'learning_rate_init': 0.01, 'solver': 'adam'}",0.6276671205952384,0.5846199647923785,0.6312199036918139,0.6671048558598759,0.647730352303523,0.631668439448566,0.027362365968610903,22
0.22363739013671874,0.041288897483227,0.004228782653808594,6.48634209184649e-05,tanh,0.01,32,"(50, 50)",0.001,adam,"{'activation': 'tanh', 'alpha': 0.01, 'batch_size': 32, 'hidden_layer_sizes': (50, 50), 'learning_rate_init': 0.001, 'solver': 'adam'}",0.6393703518703518,0.6207013574660633,0.6317261537298577,0.6391627114518681,0.5752899364010475,0.6212501021838377,0.023964935364120865,38
0.2072521686553955,0.02652123538155739,0.004191303253173828,2.2944044451811402e-05,tanh,0.01,32,"(50, 50)",0.01,adam,"{'activation': 'tanh', 'alpha': 0.01, 'batch_size': 32, 'hidden_layer_sizes': (50, 50), 'learning_rate_init': 0.01, 'solver': 'adam'}",0.6439009019654182,0.6171999531176746,0.6373080397470642,0.6305114638447972,0.6267416527334448,0.6311324022816798,0.009109889879935962,24
0.35938611030578616,0.14689833693848764,0.004326963424682617,6.329402157725781e-05,tanh,0.01,32,"(100, 50)",0.001,adam,"{'activation': 'tanh', 'alpha': 0.01, 'batch_size': 32, 'hidden_layer_sizes': (100, 50), 'learning_rate_init': 0.001, 'solver': 'adam'}",0.6192316765565173,0.5929194478902081,0.6174603174603175,0.6725872962592998,0.47830817353461175,0.5961013823401908,0.06438427509198141,79
0.2773937702178955,0.056731714873563675,0.00419321060180664,0.0001637561552704113,tanh,0.01,32,"(100, 50)",0.01,adam,"{'activation': 'tanh', 'alpha': 0.01, 'batch_size': 32, 'hidden_layer_sizes': (100, 50), 'learning_rate_init': 0.01, 'solver': 'adam'}",0.6847183606219751,0.6392564665491521,0.6145524398528827,0.6573623918334653,0.6716791979949875,0.6535137713704926,0.024656751970465955,3
0.11486377716064453,0.04469879539768228,0.004121255874633789,8.441518122177702e-05,tanh,0.01,64,"(50,)",0.001,adam,"{'activation': 'tanh', 'alpha': 0.01, 'batch_size': 64, 'hidden_layer_sizes': (50,), 'learning_rate_init': 0.001, 'solver': 'adam'}",0.6530749889388887,0.5728590250329381,0.5320855614973262,0.5054055939178349,0.46991869918699186,0.5466687737147959,0.06295094269029332,133
0.10289459228515625,0.03647109422809228,0.004155874252319336,0.00013007930645199416,tanh,0.01,64,"(50,)",0.01,adam,"{'activation': 'tanh', 'alpha': 0.01, 'batch_size': 64, 'hidden_layer_sizes': (50,), 'learning_rate_init': 0.01, 'solver': 'adam'}",0.6372461897017153,0.5725971836987829,0.6477431170979558,0.5651003255597634,0.5541285147070739,0.5953630661530582,0.03906986787864174,80
0.12487607002258301,0.03139919174226407,0.0041654109954833984,3.4892947996635006e-05,tanh,0.01,64,"(100,)",0.001,adam,"{'activation': 'tanh', 'alpha': 0.01, 'batch_size': 64, 'hidden_layer_sizes': (100,), 'learning_rate_init': 0.001, 'solver': 'adam'}",0.5764783113669646,0.593741027849555,0.6365055407201001,0.6023809523809524,0.5170658767705181,0.585234341817618,0.039290491201014376,94
0.08645529747009277,0.008242726230510998,0.0041538715362548825,0.00011889479159715756,tanh,0.01,64,"(100,)",0.01,adam,"{'activation': 'tanh', 'alpha': 0.01, 'batch_size': 64, 'hidden_layer_sizes': (100,), 'learning_rate_init': 0.01, 'solver': 'adam'}",0.648887206212047,0.5581404103143234,0.626665702788019,0.6272113022113022,0.601708735110607,0.6125226713272597,0.031024287720789186,58
0.14914522171020508,0.027040553051491546,0.00420231819152832,0.00021660646893929564,tanh,0.01,64,"(50, 50)",0.001,adam,"{'activation': 'tanh', 'alpha': 0.01, 'batch_size': 64, 'hidden_layer_sizes': (50, 50), 'learning_rate_init': 0.001, 'solver': 'adam'}",0.634172578476376,0.5804284676833696,0.6365055407201001,0.6392594186268885,0.5752899364010475,0.6131311883815564,0.028890182251546364,53
0.11817116737365722,0.01722780490287849,0.00419163703918457,4.198442189081698e-05,tanh,0.01,64,"(50, 50)",0.01,adam,"{'activation': 'tanh', 'alpha': 0.01, 'batch_size': 64, 'hidden_layer_sizes': (50, 50), 'learning_rate_init': 0.01, 'solver': 'adam'}",0.5884711779448621,0.6307909665091833,0.6327964074964519,0.6450430228208006,0.6044398651180217,0.620308287977864,0.02070292349096685,39
0.158467435836792,0.06945941801347216,0.004177379608154297,0.0001880511425126819,tanh,0.01,64,"(100, 50)",0.001,adam,"{'activation': 'tanh', 'alpha': 0.01, 'batch_size': 64, 'hidden_layer_sizes': (100, 50), 'learning_rate_init': 0.001, 'solver': 'adam'}",0.5442019683354729,0.5452668354629139,0.6351088525001568,0.5979255007649831,0.4860601115191079,0.5617126537165269,0.050987779847171996,124
0.1836177349090576,0.03254145370251502,0.004487228393554687,0.00042537368857534105,tanh,0.01,64,"(100, 50)",0.01,adam,"{'activation': 'tanh', 'alpha': 0.01, 'batch_size': 64, 'hidden_layer_sizes': (100, 50), 'learning_rate_init': 0.01, 'solver': 'adam'}",0.6871718939291963,0.582591904543124,0.6668168263884463,0.6669202364538265,0.6217468805704099,0.6450495483770007,0.03786926189928622,9
0.08889718055725097,0.034900387715080125,0.00408782958984375,3.857450517188945e-05,tanh,0.01,128,"(50,)",0.001,adam,"{'activation': 'tanh', 'alpha': 0.01, 'batch_size': 128, 'hidden_layer_sizes': (50,), 'learning_rate_init': 0.001, 'solver': 'adam'}",0.6324860269984482,0.5728590250329381,0.5580246913580247,0.4875657072814275,0.462682379349046,0.5427235660039769,0.06107135281252034,139
0.049950456619262694,0.007753300280255088,0.004028463363647461,0.0001328633476830304,tanh,0.01,128,"(50,)",0.01,adam,"{'activation': 'tanh', 'alpha': 0.01, 'batch_size': 128, 'hidden_layer_sizes': (50,), 'learning_rate_init': 0.01, 'solver': 'adam'}",0.625541929889756,0.5729127335553038,0.5968680797707003,0.532310405643739,0.4980690091801203,0.5651404316079238,0.04536910764273476,117
0.08923025131225586,0.020855559416058628,0.004148101806640625,3.5303536749100065e-05,tanh,0.01,128,"(100,)",0.001,adam,"{'activation': 'tanh', 'alpha': 0.01, 'batch_size': 128, 'hidden_layer_sizes': (100,), 'learning_rate_init': 0.001, 'solver': 'adam'}",0.5492404400209534,0.5949931165376853,0.6047904191616766,0.5488811404100468,0.5170658767705181,0.562994198580176,0.0324610838852285,121
0.065899658203125,0.009362647449377544,0.004150485992431641,2.5345408860042992e-05,tanh,0.01,128,"(100,)",0.01,adam,"{'activation': 'tanh', 'alpha': 0.01, 'batch_size': 128, 'hidden_layer_sizes': (100,), 'learning_rate_init': 0.01, 'solver': 'adam'}",0.6713120695904312,0.622630862447186,0.6385438233264321,0.6218361218361218,0.5363908611168554,0.6181427476634054,0.04463257963282048,46
0.11410021781921387,0.008604594194976367,0.004105281829833984,0.00023052817552538356,tanh,0.01,128,"(50, 50)",0.001,adam,"{'activation': 'tanh', 'alpha': 0.01, 'batch_size': 128, 'hidden_layer_sizes': (50, 50), 'learning_rate_init': 0.001, 'solver': 'adam'}",0.6334671458016339,0.5978038785969478,0.6317261537298577,0.6181263955251747,0.5752899364010475,0.6112827020109324,0.022063899303057,60
0.10237455368041992,0.009120962714236,0.004122543334960938,5.4511142987873956e-05,tanh,0.01,128,"(50, 50)",0.01,adam,"{'activation': 'tanh', 'alpha': 0.01, 'batch_size': 128, 'hidden_layer_sizes': (50, 50), 'learning_rate_init': 0.01, 'solver': 'adam'}",0.6345995164064648,0.5825805480277025,0.6257189611764429,0.6433423795612868,0.5705038732640101,0.6113490556871815,0.029211664930565973,59
0.10830750465393066,0.02845822689342026,0.003546142578125,0.0009224808845475595,tanh,0.01,128,"(100, 50)",0.001,adam,"{'activation': 'tanh', 'alpha': 0.01, 'batch_size': 128, 'hidden_layer_sizes': (100, 50), 'learning_rate_init': 0.001, 'solver': 'adam'}",0.5338709677419354,0.5794572445515842,0.6351088525001568,0.6122817188977551,0.4860601115191079,0.5693557790421079,0.05378751276685019,110
0.0961524486541748,0.02067137248755099,0.0027968883514404297,0.0007861084372700204,tanh,0.01,128,"(100, 50)",0.01,adam,"{'activation': 'tanh', 'alpha': 0.01, 'batch_size': 128, 'hidden_layer_sizes': (100, 50), 'learning_rate_init': 0.01, 'solver': 'adam'}",0.6602510032461724,0.5552026286966045,0.6533659577137838,0.616723259762309,0.5347204548401193,0.6040526608517978,0.05088001463056788,73
